<?xml version="1.0" encoding="UTF-8"?>
<kml xmlns="http://www.opengis.net/kml/2.2">
  <Document>
    <name>Historic New England Railroads (North)</name>
    <description/>
    <Style id="icon-22-normal">
      <IconStyle>
        <scale>1.1</scale>
        <Icon>
          <href>https://www.gstatic.com/mapspro/images/stock/22-blue-dot.png</href>
        </Icon>
        <hotSpot x="16" xunits="pixels" y="32" yunits="insetPixels"/>
      </IconStyle>
      <LabelStyle>
        <scale>0</scale>
      </LabelStyle>
    </Style>
    <Style id="icon-22-highlight">
      <IconStyle>
        <scale>1.1</scale>
        <Icon>
          <href>https://www.gstatic.com/mapspro/images/stock/22-blue-dot.png</href>
        </Icon>
        <hotSpot x="16" xunits="pixels" y="32" yunits="insetPixels"/>
      </IconStyle>
      <LabelStyle>
        <scale>1.1</scale>
      </LabelStyle>
    </Style>
    <StyleMap id="icon-22">
      <Pair>
        <key>normal</key>
        <styleUrl>#icon-22-normal</styleUrl>
      </Pair>
      <Pair>
        <key>highlight</key>
        <styleUrl>#icon-22-highlight</styleUrl>
      </Pair>
    </StyleMap>
    <Style id="icon-22-nodesc-normal">
      <IconStyle>
        <scale>1.1</scale>
        <Icon>
          <href>https://www.gstatic.com/mapspro/images/stock/22-blue-dot.png</href>
        </Icon>
        <hotSpot x="16" xunits="pixels" y="32" yunits="insetPixels"/>
      </IconStyle>
      <LabelStyle>
        <scale>0</scale>
      </LabelStyle>
      <BalloonStyle>
        <text><![CDATA[<h3>$[name]</h3>]]></text>
      </BalloonStyle>
    </Style>
    <Style id="icon-22-nodesc-highlight">
      <IconStyle>
        <scale>1.1</scale>
        <Icon>
          <href>https://www.gstatic.com/mapspro/images/stock/22-blue-dot.png</href>
        </Icon>
        <hotSpot x="16" xunits="pixels" y="32" yunits="insetPixels"/>
      </IconStyle>
      <LabelStyle>
        <scale>1.1</scale>
      </LabelStyle>
      <BalloonStyle>
        <text><![CDATA[<h3>$[name]</h3>]]></text>
      </BalloonStyle>
    </Style>
    <StyleMap id="icon-22-nodesc">
      <Pair>
        <key>normal</key>
        <styleUrl>#icon-22-nodesc-normal</styleUrl>
      </Pair>
      <Pair>
        <key>highlight</key>
        <styleUrl>#icon-22-nodesc-highlight</styleUrl>
      </Pair>
    </StyleMap>
    <Style id="line-000099-5000-normal">
      <LineStyle>
        <color>ff990000</color>
        <width>5</width>
      </LineStyle>
    </Style>
    <Style id="line-000099-5000-highlight">
      <LineStyle>
        <color>ff990000</color>
        <width>7.5</width>
      </LineStyle>
    </Style>
    <StyleMap id="line-000099-5000">
      <Pair>
        <key>normal</key>
        <styleUrl>#line-000099-5000-normal</styleUrl>
      </Pair>
      <Pair>
        <key>highlight</key>
        <styleUrl>#line-000099-5000-highlight</styleUrl>
      </Pair>
    </StyleMap>
    <Style id="line-0000FF-5000-normal">
      <LineStyle>
        <color>ffff0000</color>
        <width>5</width>
      </LineStyle>
    </Style>
    <Style id="line-0000FF-5000-highlight">
      <LineStyle>
        <color>ffff0000</color>
        <width>7.5</width>
      </LineStyle>
    </Style>
    <StyleMap id="line-0000FF-5000">
      <Pair>
        <key>normal</key>
        <styleUrl>#line-0000FF-5000-normal</styleUrl>
      </Pair>
      <Pair>
        <key>highlight</key>
        <styleUrl>#line-0000FF-5000-highlight</styleUrl>
      </Pair>
    </StyleMap>
    <Style id="line-006600-5000-normal">
      <LineStyle>
        <color>ff006600</color>
        <width>5</width>
      </LineStyle>
    </Style>
    <Style id="line-006600-5000-highlight">
      <LineStyle>
        <color>ff006600</color>
        <width>7.5</width>
      </LineStyle>
    </Style>
    <StyleMap id="line-006600-5000">
      <Pair>
        <key>normal</key>
        <styleUrl>#line-006600-5000-normal</styleUrl>
      </Pair>
      <Pair>
        <key>highlight</key>
        <styleUrl>#line-006600-5000-highlight</styleUrl>
      </Pair>
    </StyleMap>
    <Style id="line-009900-5000-normal">
      <LineStyle>
        <color>ff009900</color>
        <width>5</width>
      </LineStyle>
    </Style>
    <Style id="line-009900-5000-highlight">
      <LineStyle>
        <color>ff009900</color>
        <width>7.5</width>
      </LineStyle>
    </Style>
    <StyleMap id="line-009900-5000">
      <Pair>
        <key>normal</key>
        <styleUrl>#line-009900-5000-normal</styleUrl>
      </Pair>
      <Pair>
        <key>highlight</key>
        <styleUrl>#line-009900-5000-highlight</styleUrl>
      </Pair>
    </StyleMap>
    <Style id="line-097138-3519-nodesc-normal">
      <LineStyle>
        <color>ff387109</color>
        <width>3.519</width>
      </LineStyle>
      <BalloonStyle>
        <text><![CDATA[<h3>$[name]</h3>]]></text>
      </BalloonStyle>
    </Style>
    <Style id="line-097138-3519-nodesc-highlight">
      <LineStyle>
        <color>ff387109</color>
        <width>5.2785</width>
      </LineStyle>
      <BalloonStyle>
        <text><![CDATA[<h3>$[name]</h3>]]></text>
      </BalloonStyle>
    </Style>
    <StyleMap id="line-097138-3519-nodesc">
      <Pair>
        <key>normal</key>
        <styleUrl>#line-097138-3519-nodesc-normal</styleUrl>
      </Pair>
      <Pair>
        <key>highlight</key>
        <styleUrl>#line-097138-3519-nodesc-highlight</styleUrl>
      </Pair>
    </StyleMap>
    <Style id="line-097138-3713-normal">
      <LineStyle>
        <color>ff387109</color>
        <width>3.713</width>
      </LineStyle>
    </Style>
    <Style id="line-097138-3713-highlight">
      <LineStyle>
        <color>ff387109</color>
        <width>5.5695</width>
      </LineStyle>
    </Style>
    <StyleMap id="line-097138-3713">
      <Pair>
        <key>normal</key>
        <styleUrl>#line-097138-3713-normal</styleUrl>
      </Pair>
      <Pair>
        <key>highlight</key>
        <styleUrl>#line-097138-3713-highlight</styleUrl>
      </Pair>
    </StyleMap>
    <Style id="line-6600CC-5000-normal">
      <LineStyle>
        <color>ffcc0066</color>
        <width>5</width>
      </LineStyle>
    </Style>
    <Style id="line-6600CC-5000-highlight">
      <LineStyle>
        <color>ffcc0066</color>
        <width>7.5</width>
      </LineStyle>
    </Style>
    <StyleMap id="line-6600CC-5000">
      <Pair>
        <key>normal</key>
        <styleUrl>#line-6600CC-5000-normal</styleUrl>
      </Pair>
      <Pair>
        <key>highlight</key>
        <styleUrl>#line-6600CC-5000-highlight</styleUrl>
      </Pair>
    </StyleMap>
    <Style id="line-7C3592-5000-normal">
      <LineStyle>
        <color>ff92357c</color>
        <width>5</width>
      </LineStyle>
    </Style>
    <Style id="line-7C3592-5000-highlight">
      <LineStyle>
        <color>ff92357c</color>
        <width>7.5</width>
      </LineStyle>
    </Style>
    <StyleMap id="line-7C3592-5000">
      <Pair>
        <key>normal</key>
        <styleUrl>#line-7C3592-5000-normal</styleUrl>
      </Pair>
      <Pair>
        <key>highlight</key>
        <styleUrl>#line-7C3592-5000-highlight</styleUrl>
      </Pair>
    </StyleMap>
    <Style id="line-993300-5000-nodesc-normal">
      <LineStyle>
        <color>ff003399</color>
        <width>5</width>
      </LineStyle>
      <BalloonStyle>
        <text><![CDATA[<h3>$[name]</h3>]]></text>
      </BalloonStyle>
    </Style>
    <Style id="line-993300-5000-nodesc-highlight">
      <LineStyle>
        <color>ff003399</color>
        <width>7.5</width>
      </LineStyle>
      <BalloonStyle>
        <text><![CDATA[<h3>$[name]</h3>]]></text>
      </BalloonStyle>
    </Style>
    <StyleMap id="line-993300-5000-nodesc">
      <Pair>
        <key>normal</key>
        <styleUrl>#line-993300-5000-nodesc-normal</styleUrl>
      </Pair>
      <Pair>
        <key>highlight</key>
        <styleUrl>#line-993300-5000-nodesc-highlight</styleUrl>
      </Pair>
    </StyleMap>
    <Style id="line-993399-5000-normal">
      <LineStyle>
        <color>ff993399</color>
        <width>5</width>
      </LineStyle>
    </Style>
    <Style id="line-993399-5000-highlight">
      <LineStyle>
        <color>ff993399</color>
        <width>7.5</width>
      </LineStyle>
    </Style>
    <StyleMap id="line-993399-5000">
      <Pair>
        <key>normal</key>
        <styleUrl>#line-993399-5000-normal</styleUrl>
      </Pair>
      <Pair>
        <key>highlight</key>
        <styleUrl>#line-993399-5000-highlight</styleUrl>
      </Pair>
    </StyleMap>
    <Style id="line-CC0000-5000-normal">
      <LineStyle>
        <color>ff0000cc</color>
        <width>5</width>
      </LineStyle>
    </Style>
    <Style id="line-CC0000-5000-highlight">
      <LineStyle>
        <color>ff0000cc</color>
        <width>7.5</width>
      </LineStyle>
    </Style>
    <StyleMap id="line-CC0000-5000">
      <Pair>
        <key>normal</key>
        <styleUrl>#line-CC0000-5000-normal</styleUrl>
      </Pair>
      <Pair>
        <key>highlight</key>
        <styleUrl>#line-CC0000-5000-highlight</styleUrl>
      </Pair>
    </StyleMap>
    <Style id="line-F9A825-3713-normal">
      <LineStyle>
        <color>ff25a8f9</color>
        <width>3.713</width>
      </LineStyle>
    </Style>
    <Style id="line-F9A825-3713-highlight">
      <LineStyle>
        <color>ff25a8f9</color>
        <width>5.5695</width>
      </LineStyle>
    </Style>
    <StyleMap id="line-F9A825-3713">
      <Pair>
        <key>normal</key>
        <styleUrl>#line-F9A825-3713-normal</styleUrl>
      </Pair>
      <Pair>
        <key>highlight</key>
        <styleUrl>#line-F9A825-3713-highlight</styleUrl>
      </Pair>
    </StyleMap>
    <Style id="line-FBC02D-3906-normal">
      <LineStyle>
        <color>ff2dc0fb</color>
        <width>3.906</width>
      </LineStyle>
    </Style>
    <Style id="line-FBC02D-3906-highlight">
      <LineStyle>
        <color>ff2dc0fb</color>
        <width>5.859</width>
      </LineStyle>
    </Style>
    <StyleMap id="line-FBC02D-3906">
      <Pair>
        <key>normal</key>
        <styleUrl>#line-FBC02D-3906-normal</styleUrl>
      </Pair>
      <Pair>
        <key>highlight</key>
        <styleUrl>#line-FBC02D-3906-highlight</styleUrl>
      </Pair>
    </StyleMap>
    <Style id="line-FF0000-5000-normal">
      <LineStyle>
        <color>ff0000ff</color>
        <width>5</width>
      </LineStyle>
    </Style>
    <Style id="line-FF0000-5000-highlight">
      <LineStyle>
        <color>ff0000ff</color>
        <width>7.5</width>
      </LineStyle>
    </Style>
    <StyleMap id="line-FF0000-5000">
      <Pair>
        <key>normal</key>
        <styleUrl>#line-FF0000-5000-normal</styleUrl>
      </Pair>
      <Pair>
        <key>highlight</key>
        <styleUrl>#line-FF0000-5000-highlight</styleUrl>
      </Pair>
    </StyleMap>
    <Style id="line-FF6600-5000-normal">
      <LineStyle>
        <color>ff0066ff</color>
        <width>5</width>
      </LineStyle>
    </Style>
    <Style id="line-FF6600-5000-highlight">
      <LineStyle>
        <color>ff0066ff</color>
        <width>7.5</width>
      </LineStyle>
    </Style>
    <StyleMap id="line-FF6600-5000">
      <Pair>
        <key>normal</key>
        <styleUrl>#line-FF6600-5000-normal</styleUrl>
      </Pair>
      <Pair>
        <key>highlight</key>
        <styleUrl>#line-FF6600-5000-highlight</styleUrl>
      </Pair>
    </StyleMap>
    <Style id="line-FF6600-5000-nodesc-normal">
      <LineStyle>
        <color>ff0066ff</color>
        <width>5</width>
      </LineStyle>
      <BalloonStyle>
        <text><![CDATA[<h3>$[name]</h3>]]></text>
      </BalloonStyle>
    </Style>
    <Style id="line-FF6600-5000-nodesc-highlight">
      <LineStyle>
        <color>ff0066ff</color>
        <width>7.5</width>
      </LineStyle>
      <BalloonStyle>
        <text><![CDATA[<h3>$[name]</h3>]]></text>
      </BalloonStyle>
    </Style>
    <StyleMap id="line-FF6600-5000-nodesc">
      <Pair>
        <key>normal</key>
        <styleUrl>#line-FF6600-5000-nodesc-normal</styleUrl>
      </Pair>
      <Pair>
        <key>highlight</key>
        <styleUrl>#line-FF6600-5000-nodesc-highlight</styleUrl>
      </Pair>
    </StyleMap>
    <Style id="line-FFCC00-5000-normal">
      <LineStyle>
        <color>ff00ccff</color>
        <width>5</width>
      </LineStyle>
    </Style>
    <Style id="line-FFCC00-5000-highlight">
      <LineStyle>
        <color>ff00ccff</color>
        <width>7.5</width>
      </LineStyle>
    </Style>
    <StyleMap id="line-FFCC00-5000">
      <Pair>
        <key>normal</key>
        <styleUrl>#line-FFCC00-5000-normal</styleUrl>
      </Pair>
      <Pair>
        <key>highlight</key>
        <styleUrl>#line-FFCC00-5000-highlight</styleUrl>
      </Pair>
    </StyleMap>
    <Style id="line-FFCC80-4100-normal">
      <LineStyle>
        <color>ff80ccff</color>
        <width>4.1</width>
      </LineStyle>
    </Style>
    <Style id="line-FFCC80-4100-highlight">
      <LineStyle>
        <color>ff80ccff</color>
        <width>6.15</width>
      </LineStyle>
    </Style>
    <StyleMap id="line-FFCC80-4100">
      <Pair>
        <key>normal</key>
        <styleUrl>#line-FFCC80-4100-normal</styleUrl>
      </Pair>
      <Pair>
        <key>highlight</key>
        <styleUrl>#line-FFCC80-4100-highlight</styleUrl>
      </Pair>
    </StyleMap>
    <Style id="line-FFD600-4681-normal">
      <LineStyle>
        <color>ff00d6ff</color>
        <width>4.681</width>
      </LineStyle>
    </Style>
    <Style id="line-FFD600-4681-highlight">
      <LineStyle>
        <color>ff00d6ff</color>
        <width>7.0215</width>
      </LineStyle>
    </Style>
    <StyleMap id="line-FFD600-4681">
      <Pair>
        <key>normal</key>
        <styleUrl>#line-FFD600-4681-normal</styleUrl>
      </Pair>
      <Pair>
        <key>highlight</key>
        <styleUrl>#line-FFD600-4681-highlight</styleUrl>
      </Pair>
    </StyleMap>
    <Style id="line-FFEA00-2550-normal">
      <LineStyle>
        <color>ff00eaff</color>
        <width>2.55</width>
      </LineStyle>
    </Style>
    <Style id="line-FFEA00-2550-highlight">
      <LineStyle>
        <color>ff00eaff</color>
        <width>3.825</width>
      </LineStyle>
    </Style>
    <StyleMap id="line-FFEA00-2550">
      <Pair>
        <key>normal</key>
        <styleUrl>#line-FFEA00-2550-normal</styleUrl>
      </Pair>
      <Pair>
        <key>highlight</key>
        <styleUrl>#line-FFEA00-2550-highlight</styleUrl>
      </Pair>
    </StyleMap>
    <Style id="line-FFEA00-3325-normal">
      <LineStyle>
        <color>ff00eaff</color>
        <width>3.325</width>
      </LineStyle>
    </Style>
    <Style id="line-FFEA00-3325-highlight">
      <LineStyle>
        <color>ff00eaff</color>
        <width>4.9875</width>
      </LineStyle>
    </Style>
    <StyleMap id="line-FFEA00-3325">
      <Pair>
        <key>normal</key>
        <styleUrl>#line-FFEA00-3325-normal</styleUrl>
      </Pair>
      <Pair>
        <key>highlight</key>
        <styleUrl>#line-FFEA00-3325-highlight</styleUrl>
      </Pair>
    </StyleMap>
    <Style id="line-FFFF00-3000-nodesc-normal">
      <LineStyle>
        <color>ff00ffff</color>
        <width>3</width>
      </LineStyle>
      <BalloonStyle>
        <text><![CDATA[<h3>$[name]</h3>]]></text>
      </BalloonStyle>
    </Style>
    <Style id="line-FFFF00-3000-nodesc-highlight">
      <LineStyle>
        <color>ff00ffff</color>
        <width>4.5</width>
      </LineStyle>
      <BalloonStyle>
        <text><![CDATA[<h3>$[name]</h3>]]></text>
      </BalloonStyle>
    </Style>
    <StyleMap id="line-FFFF00-3000-nodesc">
      <Pair>
        <key>normal</key>
        <styleUrl>#line-FFFF00-3000-nodesc-normal</styleUrl>
      </Pair>
      <Pair>
        <key>highlight</key>
        <styleUrl>#line-FFFF00-3000-nodesc-highlight</styleUrl>
      </Pair>
    </StyleMap>
    <Style id="line-FFFF00-5000-normal">
      <LineStyle>
        <color>ff00ffff</color>
        <width>5</width>
      </LineStyle>
    </Style>
    <Style id="line-FFFF00-5000-highlight">
      <LineStyle>
        <color>ff00ffff</color>
        <width>7.5</width>
      </LineStyle>
    </Style>
    <StyleMap id="line-FFFF00-5000">
      <Pair>
        <key>normal</key>
        <styleUrl>#line-FFFF00-5000-normal</styleUrl>
      </Pair>
      <Pair>
        <key>highlight</key>
        <styleUrl>#line-FFFF00-5000-highlight</styleUrl>
      </Pair>
    </StyleMap>
    <Folder>
      <name>NH - Southern</name>
      <Placemark>
        <name>Worcester, Nashua and Portland RR</name>
        <description><![CDATA[K42<br>RDK1:41. Worcester, Nashua and Portland RR. This segment spans the Ma/NH state line to Merrimac River. In Nashua, it connects with... [see also RDK2:175].K85<br>K177<br>Worcester, Nashua and Portland (originally W, N and Rochester). Merrimack River to Windham. This segment needs significant field-checking.K85<br>K177<br>Worcester, Nashua and Portland. Windham to Fremont.K84<br>K85<br>K335<br>Brentwood to East Barrington]]></description>
        <styleUrl>#line-993399-5000</styleUrl>
        <LineString>
          <tessellate>1</tessellate>
          <coordinates>
            -71.540372,42.702547,0
            -71.540136,42.704093,0
            -71.539857,42.705527,0
            -71.539536,42.706663,0
            -71.539192,42.70794,0
            -71.538656,42.708933,0
            -71.537969,42.709848,0
            -71.537197,42.71051,0
            -71.53578,42.711803,0
            -71.534235,42.713411,0
            -71.532819,42.714893,0
            -71.531425,42.716375,0
            -71.530459,42.717431,0
            -71.529944,42.718267,0
            -71.529601,42.719291,0
            -71.529086,42.720695,0
            -71.528335,42.723138,0
            -71.527669,42.724809,0
            -71.527004,42.726432,0
            -71.526146,42.727946,0
            -71.525245,42.729459,0
            -71.524451,42.731114,0
            -71.523893,42.732044,0
            -71.523185,42.732989,0
            -71.522241,42.733982,0
            -71.520975,42.734912,0
            -71.518915,42.736283,0
            -71.516533,42.737796,0
            -71.5143231,42.7391837,0
            -71.5118654,42.7405778,0
            -71.5090547,42.7420357,0
            -71.5061689,42.7438719,0
            -71.5037652,42.745298,0
            -71.5021561,42.7461334,0
            -71.5015338,42.7464796,0
            -71.5005682,42.7468732,0
            -71.4990663,42.7474562,0
            -71.496363,42.74837,0
            -71.493101,42.749521,0
            -71.48911,42.750829,0
            -71.485569,42.7519,0
            -71.480784,42.753491,0
            -71.477501,42.754452,0
            -71.474283,42.755382,0
            -71.47012,42.756501,0
            -71.466064,42.757541,0
            -71.461687,42.758596,0
            -71.457117,42.759573,0
            -71.4549731,42.760124,0
            -71.4542329,42.7603419,0
            -71.4535141,42.7605992,0
            -71.4526583,42.7609612,0
            -71.4520121,42.7612883,0
            -71.4518111,42.761354,0
            -71.451618,42.7614039,0
            -71.4513154,42.7614276,0
            -71.4508585,42.7614039,0
            -71.4504672,42.761336,0
            -71.4500758,42.7612366,0
            -71.449542,42.761054,0
            -71.4490794,42.7609011,0
            -71.4486115,42.7607324,0
            -71.44731,42.760172,0
            -71.4468447,42.7599461,0
            -71.4463418,42.7597201,0
            -71.4458552,42.7596246,0
            -71.4453793,42.7595764,0
            -71.444816,42.7595785,0
            -71.444199,42.75962,0
            -71.443148,42.759699,0
            -71.4421396,42.759766,0
            -71.4416394,42.7598257,0
            -71.43866,42.76017,0
            -71.43359,42.76107,0
            -71.4307,42.76181,0
            -71.42911,42.76231,0
            -71.42711,42.76332,0
            -71.42409,42.76458,0
            -71.42008,42.76652,0
            -71.4181,42.76762,0
            -71.41531,42.76937,0
            -71.41297,42.77067,0
            -71.41087,42.77138,0
            -71.4078,42.77209,0
            -71.40591,42.77267,0
            -71.40263,42.77416,0
            -71.39765,42.77653,0
            -71.39613,42.77721,0
            -71.3939,42.77805,0
            -71.3912051,42.7790175,0
            -71.3889615,42.779696,0
            -71.3871829,42.7803005,0
            -71.38499,42.78101,0
            -71.380999,42.7821179,0
            -71.3774606,42.7828302,0
            -71.3766511,42.7830554,0
            -71.3757772,42.7833595,0
            -71.3750643,42.7837186,0
            -71.3743727,42.784125,0
            -71.3735887,42.7848582,0
            -71.3729978,42.7856701,0
            -71.3723891,42.7868834,0
            -71.3721373,42.7875971,0
            -71.3717674,42.7883147,0
            -71.3712661,42.7889339,0
            -71.3705503,42.7895806,0
            -71.36851,42.79118,0
            -71.36617,42.79275,0
            -71.36072,42.79628,0
            -71.35392,42.80113,0
            -71.35306,42.80182,0
            -71.35225,42.80263,0
            -71.3496135,42.805197,0
            -71.348611,42.806193,0
            -71.347178,42.807586,0
            -71.3461,42.808732,0
            -71.345413,42.809401,0
            -71.344818,42.810062,0
            -71.3421208,42.8125975,0
            -71.3409128,42.8138698,0
            -71.3397273,42.8150242,0
            -71.3384901,42.8161141,0
            -71.3375919,42.8169089,0
            -71.3368734,42.8176607,0
            -71.3356801,42.8188572,0
            -71.332925,42.82166,0
            -71.331643,42.822941,0
            -71.3303665,42.8242475,0
            -71.3294343,42.8251434,0
            -71.328486,42.826004,0
            -71.32766,42.8268264,0
            -71.326598,42.827861,0
            -71.325565,42.82888,0
            -71.325139,42.829289,0
            -71.3247868,42.8296416,0
            -71.32407,42.83034,0
            -71.32322,42.83118,0
            -71.322824,42.831433,0
            -71.322435,42.831624,0
            -71.3213272,42.832098,0
            -71.3190207,42.8327691,0
            -71.318328,42.8329611,0
            -71.3177102,42.833157,0
            -71.3171621,42.8333884,0
            -71.3166355,42.8336833,0
            -71.3158745,42.8341295,0
            -71.3154636,42.8343954,0
            -71.3151174,42.8345944,0
            -71.314673,42.834876,0
            -71.313966,42.835388,0
            -71.3128837,42.8360613,0
            -71.311945,42.836624,0
            -71.3103829,42.8375908,0
            -71.3096192,42.8380579,0
            -71.3085139,42.8387696,0
            -71.3079912,42.8390473,0
            -71.3076105,42.8392044,0
            -71.307406,42.839287,0
            -71.306801,42.839451,0
            -71.3063656,42.8395345,0
            -71.30555,42.839633,0
            -71.305234,42.839672,0
            -71.304917,42.8397,0
            -71.3038359,42.8398025,0
            -71.3029833,42.8398804,0
            -71.3021363,42.8400301,0
            -71.301425,42.8402581,0
            -71.3009579,42.8405145,0
            -71.3005061,42.8407645,0
            -71.2993946,42.8413301,0
            -71.2980826,42.8422212,0
            -71.29742,42.84263,0
            -71.29709,42.84284,0
            -71.296167,42.843361,0
            -71.2952476,42.8436741,0
            -71.2936776,42.8441544,0
            -71.289139,42.8455644,0
            -71.2869183,42.8464269,0
            -71.2855829,42.8470772,0
            -71.2824415,42.8487686,0
            -71.280179,42.8500518,0
            -71.27883,42.85082,0
            -71.27774,42.85155,0
            -71.2770205,42.8521269,0
            -71.2765,42.85273,0
            -71.2761407,42.8533429,0
            -71.2737601,42.8577908,0
            -71.27139,42.86216,0
            -71.26996,42.86461,0
            -71.2692,42.86567,0
            -71.26818,42.86681,0
            -71.26784,42.86715,0
            -71.26659,42.8682,0
            -71.26547,42.86909,0
            -71.26423,42.86987,0
            -71.2614538,42.8712185,0
            -71.2596458,42.8719292,0
            -71.25856,42.87233,0
            -71.2554,42.8732,0
            -71.25422,42.87362,0
            -71.25385,42.87379,0
            -71.25356,42.87398,0
            -71.24508,42.88208,0
            -71.24104,42.88589,0
            -71.24049,42.88633,0
            -71.23971,42.88687,0
            -71.2349831,42.8896487,0
            -71.2312,42.89205,0
            -71.22954,42.893,0
            -71.22587,42.89524,0
            -71.22473,42.89599,0
            -71.22395,42.89655,0
            -71.22268,42.8976,0
            -71.22044,42.89951,0
            -71.21953,42.90034,0
            -71.21922,42.9007,0
            -71.2184,42.90133,0
            -71.21793,42.90155,0
            -71.21723,42.90175,0
            -71.2106652,42.9030043,0
            -71.208835,42.903327,0
            -71.204313,42.904247,0
            -71.203691,42.904404,0
            -71.203444,42.904463,0
            -71.203229,42.904537,0
            -71.20281,42.90471,0
            -71.20165,42.90549,0
            -71.20118,42.90588,0
            -71.20083,42.90636,0
            -71.20059,42.90698,0
            -71.20048,42.90747,0
            -71.20025,42.90964,0
            -71.20002,42.91333,0
            -71.19994,42.9138,0
            -71.19966,42.91481,0
            -71.19689,42.92228,0
            -71.19662,42.92272,0
            -71.19598,42.92339,0
            -71.1953,42.92397,0
            -71.19459,42.92439,0
            -71.19375,42.92469,0
            -71.1914,42.92536,0
            -71.19071,42.92563,0
            -71.19001,42.92602,0
            -71.18815,42.92748,0
            -71.18268,42.93204,0
            -71.18028,42.93393,0
            -71.1796,42.9344,0
            -71.17814,42.93527,0
            -71.17634,42.9362228,0
            -71.17481,42.93709,0
            -71.17163,42.93905,0
            -71.1674,42.94165,0
            -71.16574,42.9429,0
            -71.16184,42.94601,0
            -71.16067,42.94703,0
            -71.1551,42.95156,0
            -71.14954,42.95626,0
            -71.14772,42.95775,0
            -71.14682,42.95856,0
            -71.14583,42.95923,0
            -71.14436,42.95998,0
            -71.14246,42.96087,0
            -71.1413,42.96133,0
            -71.13953,42.96194,0
            -71.13888,42.96213,0
            -71.13748,42.96243,0
            -71.13495,42.96283,0
            -71.133,42.96307,0
            -71.13248,42.96319,0
            -71.13153,42.96355,0
            -71.13112,42.96378,0
            -71.13049,42.96421,0
            -71.13019,42.96445,0
            -71.12972,42.96499,0
            -71.12897,42.96632,0
            -71.12706,42.97067,0
            -71.12531,42.97426,0
            -71.12342,42.97844,0
            -71.12305,42.97911,0
            -71.12265,42.97972,0
            -71.122624,42.979774,0
            -71.121588,42.98125,0
            -71.12042,42.98296,0
            -71.11857,42.98506,0
            -71.11403,42.99009,0
            -71.11158,42.99285,0
            -71.1099298,42.9945772,0
            -71.10862,42.99595,0
            -71.10712,42.9974,0
            -71.10446,42.99953,0
            -71.10257,43.00148,0
            -71.10064,43.00324,0
            -71.0987,43.0054,0
            -71.0972,43.00816,0
            -71.09626,43.00958,0
            -71.09553,43.01052,0
            -71.09458,43.01162,0
            -71.08802,43.01817,0
            -71.08459,43.02178,0
            -71.08094,43.02542,0
            -71.0778,43.02875,0
            -71.07386,43.03242,0
            -71.06948,43.03621,0
            -71.06532,43.0406,0
            -71.05836,43.0471,0
            -71.05691,43.04854,0
            -71.0565099,43.0490965,0
            -71.0561527,43.0497314,0
            -71.0512,43.05983,0
            -71.04922,43.06303,0
            -71.04759,43.06519,0
            -71.03648,43.07701,0
            -71.0360921,43.0775965,0
            -71.03579,43.07823,0
            -71.0354,43.07964,0
            -71.0353103,43.0801489,0
            -71.0353064,43.0805951,0
            -71.035496,43.0814118,0
            -71.03575,43.08215,0
            -71.03785,43.08814,0
            -71.0390785,43.0912648,0
            -71.04051,43.09531,0
            -71.04098,43.09644,0
            -71.0416366,43.0976483,0
            -71.04291,43.09979,0
            -71.04309,43.10064,0
            -71.043,43.10136,0
            -71.04266,43.10243,0
            -71.04197,43.10393,0
            -71.04103,43.1055,0
            -71.04008,43.10763,0
            -71.03948,43.11038,0
            -71.03901,43.11317,0
            -71.03875,43.1143,0
            -71.03802,43.11571,0
            -71.03669,43.1169,0
            -71.03412,43.11909,0
            -71.03038,43.12257,0
            -71.02772,43.12489,0
            -71.02279,43.12937,0
            -71.02171,43.13056,0
            -71.02103,43.1319,0
            -71.02064,43.13353,0
            -71.02013,43.13463,0
            -71.0194,43.13554,0
            -71.01845,43.13623,0
            -71.01699,43.13695,0
            -71.01459,43.13845,0
            -71.01232,43.14045,0
            -71.00901,43.14362,0
            -71.00828,43.14474,0
            -71.00699,43.14834,0
            -71.00575,43.1516,0
            -71.00528,43.15451,0
            -71.00511,43.15586,0
            -71.00519,43.15702,0
            -71.00566,43.15868,0
            -71.00601,43.16018,0
            -71.00609,43.16152,0
            -71.00584,43.1639,0
            -71.00519,43.16825,0
            -71.00459,43.16991,0
            -71.00369,43.17173,0
            -71.00283,43.17329,0
            -71.0015,43.17614,0
            -71.00017,43.18074,0
            -70.99914,43.18378,0
            -70.99906,43.18556,0
            -70.99875,43.18794,0
            -70.99841,43.19138,0
            -70.99738,43.20052,0
          </coordinates>
        </LineString>
      </Placemark>
      <Placemark>
        <name><![CDATA[Manchester & Lawrence RR]]></name>
        <description><![CDATA[K366<br>State line to Manchester]]></description>
        <styleUrl>#line-0000FF-5000</styleUrl>
        <LineString>
          <tessellate>1</tessellate>
          <coordinates>
            -71.20037,42.74148,0
            -71.20118,42.74294,0
            -71.20283,42.74531,0
            -71.20713,42.75115,0
            -71.20887,42.75341,0
            -71.21425,42.76065,0
            -71.223539,42.772956,0
            -71.224253,42.774035,0
            -71.224982,42.775161,0
            -71.226924,42.778043,0
            -71.227975,42.779433,0
            -71.229064,42.780618,0
            -71.229601,42.781218,0
            -71.230132,42.781809,0
            -71.230816,42.78264,0
            -71.23146,42.783461,0
            -71.232117,42.784285,0
            -71.232755,42.785118,0
            -71.233329,42.785846,0
            -71.23386,42.786555,0
            -71.234155,42.786913,0
            -71.234418,42.787272,0
            -71.234697,42.787661,0
            -71.234912,42.787992,0
            -71.235116,42.788476,0
            -71.235287,42.788874,0
            -71.23548,42.789283,0
            -71.235631,42.789701,0
            -71.235749,42.790141,0
            -71.235834,42.790567,0
            -71.23592,42.791011,0
            -71.23599,42.79146,0
            -71.236081,42.792078,0
            -71.236199,42.792728,0
            -71.236312,42.793228,0
            -71.23648,42.7937,0
            -71.2368,42.794507,0
            -71.236966,42.794897,0
            -71.23713,42.79524,0
            -71.237326,42.795692,0
            -71.237605,42.796149,0
            -71.237921,42.796609,0
            -71.23824,42.79705,0
            -71.238924,42.797896,0
            -71.239675,42.798719,0
            -71.240689,42.799939,0
            -71.241869,42.801356,0
            -71.243066,42.802785,0
            -71.245227,42.805414,0
            -71.246139,42.806555,0
            -71.247014,42.807704,0
            -71.249664,42.810809,0
            -71.2502,42.81147,0
            -71.251434,42.812986,0
            -71.251879,42.813458,0
            -71.252367,42.813926,0
            -71.25353,42.81489,0
            -71.254084,42.815327,0
            -71.25458,42.81568,0
            -71.256112,42.816716,0
            -71.257641,42.817735,0
            -71.261154,42.820096,0
            -71.266986,42.823995,0
            -71.267216,42.824149,0
            -71.267431,42.82431,0
            -71.267608,42.824456,0
            -71.267785,42.824637,0
            -71.267994,42.824826,0
            -71.268171,42.825026,0
            -71.268375,42.825286,0
            -71.268557,42.825538,0
            -71.268809,42.825959,0
            -71.26889,42.826108,0
            -71.269024,42.826395,0
            -71.269126,42.82669,0
            -71.269228,42.827005,0
            -71.269303,42.827316,0
            -71.269357,42.827639,0
            -71.269378,42.827965,0
            -71.269389,42.82817,0
            -71.269383,42.828374,0
            -71.269383,42.828583,0
            -71.269362,42.828783,0
            -71.269335,42.828988,0
            -71.269287,42.829189,0
            -71.269244,42.829381,0
            -71.269185,42.829562,0
            -71.269072,42.829991,0
            -71.268933,42.830581,0
            -71.268815,42.83116,0
            -71.268745,42.831856,0
            -71.26874,42.832194,0
            -71.268756,42.832544,0
            -71.26882,42.832891,0
            -71.268906,42.833237,0
            -71.268997,42.833579,0
            -71.26911,42.833917,0
            -71.269217,42.834216,0
            -71.269346,42.834527,0
            -71.269485,42.834818,0
            -71.269652,42.835109,0
            -71.269968,42.835542,0
            -71.270269,42.835932,0
            -71.270649,42.836349,0
            -71.271052,42.83675,0
            -71.271497,42.837155,0
            -71.271921,42.837513,0
            -71.272237,42.837729,0
            -71.272548,42.837926,0
            -71.272951,42.838158,0
            -71.273348,42.838374,0
            -71.273664,42.838543,0
            -71.274008,42.838701,0
            -71.274227,42.838811,0
            -71.274458,42.838905,0
            -71.274807,42.839035,0
            -71.275129,42.839149,0
            -71.276271,42.839507,0
            -71.277612,42.839936,0
            -71.280445,42.840856,0
            -71.28184,42.841313,0
            -71.283256,42.841765,0
            -71.28368,42.841903,0
            -71.284093,42.842021,0
            -71.284533,42.842147,0
            -71.284967,42.842261,0
            -71.285428,42.842343,0
            -71.285874,42.842406,0
            -71.286233,42.842453,0
            -71.286592,42.842489,0
            -71.286925,42.842512,0
            -71.287295,42.842524,0
            -71.287977,42.84254,0
            -71.288695,42.842536,0
            -71.290144,42.842501,0
            -71.290846,42.842493,0
            -71.291576,42.842508,0
            -71.292665,42.842556,0
            -71.293722,42.842622,0
            -71.294805,42.842709,0
            -71.295803,42.842827,0
            -71.296731,42.842957,0
            -71.297595,42.843098,0
            -71.29942,42.84353,0
            -71.30105,42.84398,0
            -71.30236,42.84441,0
            -71.30513,42.84577,0
            -71.30835,42.84777,0
            -71.31144,42.84983,0
            -71.31465,42.853,0
            -71.31766,42.85882,0
            -71.32045,42.86829,0
            -71.32212,42.8732,0
            -71.323151,42.875689,0
            -71.323307,42.876011,0
            -71.323457,42.876302,0
            -71.323666,42.876778,0
            -71.323897,42.877226,0
            -71.324154,42.87769,0
            -71.324503,42.878232,0
            -71.325093,42.87916,0
            -71.325554,42.879754,0
            -71.325806,42.880045,0
            -71.325957,42.880198,0
            -71.3263,42.88054,0
            -71.327083,42.88133,0
            -71.327319,42.881523,0
            -71.327539,42.881684,0
            -71.327775,42.881829,0
            -71.328059,42.882006,0
            -71.328569,42.882395,0
            -71.329722,42.883164,0
            -71.330157,42.883478,0
            -71.330377,42.883665,0
            -71.33054,42.883812,0
            -71.330693,42.88396,0
            -71.330967,42.884243,0
            -71.331235,42.884526,0
            -71.331471,42.884809,0
            -71.331782,42.885151,0
            -71.331908,42.885328,0
            -71.332026,42.885504,0
            -71.332211,42.885825,0
            -71.332429,42.886253,0
            -71.33278,42.88701,0
            -71.333472,42.888411,0
            -71.333915,42.889303,0
            -71.334078,42.889602,0
            -71.334298,42.889938,0
            -71.334489,42.890189,0
            -71.334832,42.890582,0
            -71.334993,42.890746,0
            -71.335334,42.891113,0
            -71.335763,42.891553,0
            -71.336299,42.891993,0
            -71.336997,42.892497,0
            -71.338381,42.89377,0
            -71.34083,42.89609,0
            -71.343391,42.898596,0
            -71.344603,42.899861,0
            -71.34585,42.90112,0
            -71.346674,42.901787,0
            -71.347543,42.902408,0
            -71.348659,42.903115,0
            -71.34976,42.90376,0
            -71.351899,42.905048,0
            -71.353959,42.906423,0
            -71.355997,42.907964,0
            -71.357896,42.909457,0
            -71.361115,42.911908,0
            -71.363121,42.913448,0
            -71.364269,42.914336,0
            -71.366329,42.915884,0
            -71.367327,42.916521,0
            -71.368024,42.916921,0
            -71.369317,42.917578,0
            -71.37024,42.91797,0
            -71.370733,42.918151,0
            -71.371222,42.918312,0
            -71.371667,42.918469,0
            -71.372262,42.918658,0
            -71.373239,42.918909,0
            -71.374671,42.9192,0
            -71.375105,42.919275,0
            -71.375508,42.919326,0
            -71.375905,42.919385,0
            -71.376328,42.919424,0
            -71.376988,42.919436,0
            -71.377611,42.91944,0
            -71.378893,42.919416,0
            -71.381409,42.919345,0
            -71.386392,42.919007,0
            -71.388436,42.918858,0
            -71.389385,42.918791,0
            -71.390367,42.91874,0
            -71.396064,42.918348,0
            -71.397727,42.91823,0
            -71.400769,42.918029,0
            -71.403295,42.917853,0
            -71.404304,42.917778,0
            -71.405135,42.917743,0
            -71.40624,42.917652,0
            -71.409454,42.917401,0
            -71.411101,42.917303,0
            -71.411895,42.917263,0
            -71.412688,42.917251,0
            -71.413289,42.917251,0
            -71.413901,42.917267,0
            -71.414496,42.91733,0
            -71.415038,42.917377,0
            -71.416014,42.917542,0
            -71.416476,42.917621,0
            -71.416916,42.917715,0
            -71.417538,42.917892,0
            -71.41808,42.91809,0
            -71.418863,42.91832,0
            -71.419458,42.91852,0
            -71.420048,42.918748,0
            -71.420676,42.919031,0
            -71.421121,42.919243,0
            -71.42154,42.919455,0
            -71.421792,42.919609,0
            -71.422243,42.919931,0
            -71.422897,42.920477,0
            -71.423514,42.921019,0
            -71.423841,42.921294,0
            -71.424131,42.921561,0
            -71.424396,42.921832,0
            -71.424651,42.922111,0
            -71.424863,42.922394,0
            -71.425059,42.922679,0
            -71.425469,42.923278,0
            -71.425657,42.923578,0
            -71.425826,42.923875,0
            -71.426349,42.924906,0
            -71.426861,42.926057,0
            -71.427395,42.927235,0
            -71.427942,42.928551,0
            -71.428535,42.929875,0
            -71.429758,42.93251,0
            -71.430343,42.933737,0
            -71.430917,42.934953,0
            -71.431421,42.936041,0
            -71.432215,42.937806,0
            -71.432998,42.939483,0
            -71.43383,42.941136,0
            -71.434414,42.942004,0
            -71.434994,42.942774,0
            -71.436281,42.944357,0
            -71.437499,42.945699,0
            -71.438652,42.947054,0
            -71.439473,42.948118,0
            -71.439956,42.948699,0
            -71.440492,42.949281,0
            -71.444164,42.953293,0
            -71.445269,42.954587,0
            -71.446385,42.955861,0
            -71.44738,42.957084,0
            -71.448351,42.958315,0
            -71.45065,42.96154,0
            -71.451803,42.963147,0
            -71.452307,42.963872,0
            -71.452825,42.964616,0
            -71.45319,42.96514,0
            -71.4536,42.96565,0
            -71.454185,42.966419,0
            -71.454488,42.966879,0
            -71.454737,42.967271,0
            -71.455094,42.967758,0
            -71.456223,42.969269,0
            -71.457296,42.970786,0
            -71.457658,42.97135,0
            -71.457843,42.971636,0
            -71.458037,42.971891,0
            -71.458817,42.972988,0
            -71.46164,42.97699,0
            -71.462637,42.978479,0
            -71.46335,42.979484,0
            -71.463527,42.979845,0
            -71.463924,42.9805,0
            -71.464139,42.980979,0
            -71.464359,42.981481,0
            -71.46445,42.981713,0
            -71.46452,42.981945,0
            -71.464648,42.982466,0
            -71.464788,42.982969,0
            -71.464975,42.98342,0
            -71.465549,42.984558,0
          </coordinates>
        </LineString>
      </Placemark>
      <Placemark>
        <name><![CDATA[Peterborough & Shirley RR]]></name>
        <description>K322.  Mass line to Greenville.  This is the extension of the Peterborough and Shirley line (RDK1: 43).  See MA Central map.  It never got closer than Greenville to Peterborough.</description>
        <styleUrl>#line-0000FF-5000</styleUrl>
        <LineString>
          <tessellate>1</tessellate>
          <coordinates>
            -71.7468559,42.709218,0
            -71.7470436,42.7094526,0
            -71.7471804,42.7095905,0
            -71.7472957,42.7097265,0
            -71.7474325,42.7098803,0
            -71.7475801,42.7099808,0
            -71.7477356,42.7100951,0
            -71.7479314,42.7102173,0
            -71.7481031,42.7103296,0
            -71.74837,42.71049,0
            -71.749306,42.710898,0
            -71.75128,42.712096,0
            -71.75216,42.712761,0
            -71.752932,42.713471,0
            -71.754456,42.714997,0
            -71.755207,42.715867,0
            -71.755743,42.716763,0
            -71.75621,42.71884,0
            -71.75653,42.72085,0
            -71.75681,42.72304,0
            -71.757041,42.723836,0
            -71.75703,42.724593,0
            -71.756816,42.725515,0
            -71.756752,42.726248,0
            -71.75676,42.72699,0
            -71.75681,42.7279,0
            -71.75769,42.73019,0
            -71.75784,42.73084,0
            -71.75777,42.73149,0
            -71.75762,42.73204,0
            -71.756945,42.733428,0
            -71.75648,42.73483,0
            -71.756408,42.736107,0
            -71.756408,42.739921,0
            -71.756344,42.743766,0
            -71.756279,42.744318,0
            -71.755979,42.744853,0
            -71.755486,42.745689,0
            -71.754649,42.747312,0
            -71.751022,42.752382,0
            -71.749156,42.757616,0
            -71.74834,42.760231,0
            -71.747804,42.762862,0
            -71.747653,42.763555,0
            -71.747825,42.764264,0
            -71.748619,42.765679,0
            -71.755915,42.773621,0
            -71.756623,42.774613,0
            -71.75746,42.77707,0
            -71.757953,42.778441,0
            -71.758447,42.779606,0
            -71.759112,42.780913,0
            -71.760271,42.782063,0
            -71.761601,42.783087,0
            -71.76321,42.783824,0
            -71.76512,42.784378,0
            -71.766922,42.785181,0
            -71.76791,42.785827,0
            -71.768832,42.786583,0
            -71.769905,42.787036,0
            -71.773059,42.788535,0
            -71.77424,42.789275,0
            -71.775999,42.790708,0
            -71.777544,42.792138,0
            -71.778595,42.793196,0
            -71.77969,42.793713,0
            -71.780355,42.793873,0
            -71.781042,42.793889,0
            -71.782393,42.793645,0
            -71.783595,42.793244,0
            -71.784614,42.792677,0
            -71.786556,42.790878,0
            -71.787608,42.790267,0
            -71.791567,42.788898,0
            -71.792103,42.788677,0
            -71.79265,42.788551,0
            -71.793208,42.788457,0
            -71.793809,42.788425,0
            -71.794088,42.788417,0
            -71.794378,42.788472,0
            -71.794968,42.788559,0
            -71.795998,42.7888,0
            -71.796856,42.789149,0
            -71.797757,42.789323,0
            -71.798208,42.789354,0
            -71.798658,42.789307,0
            -71.799109,42.789252,0
            -71.799517,42.789118,0
            -71.800332,42.788803,0
            -71.800997,42.788268,0
            -71.801598,42.787378,0
            -71.801716,42.786976,0
            -71.801888,42.785898,0
            -71.802714,42.784299,0
            -71.803089,42.783669,0
            -71.803776,42.783024,0
            -71.804323,42.782717,0
            -71.804881,42.782441,0
            -71.807156,42.78143,0
            -71.808357,42.780835,0
            -71.809398,42.780086,0
            -71.810428,42.779275,0
            -71.81119,42.778464,0
            -71.811608,42.777677,0
            -71.811876,42.776831,0
            -71.812756,42.775672,0
            -71.813207,42.77479,0
            -71.813593,42.773577,0
            -71.813722,42.772537,0
            -71.8137,42.770805,0
          </coordinates>
        </LineString>
      </Placemark>
      <Placemark>
        <name><![CDATA[Concord & Portsmouth RR]]></name>
        <description><![CDATA[K334<br>Manchester to Portsmouth. The section between Rockingham Jct and Portsmouth may still be open.]]></description>
        <styleUrl>#line-FF0000-5000</styleUrl>
        <LineString>
          <tessellate>1</tessellate>
          <coordinates>
            -71.46548,42.984574,0
            -71.464729,42.983039,0
            -71.464643,42.98282,0
            -71.464589,42.9826,0
            -71.464525,42.982274,0
            -71.464401,42.981842,0
            -71.464348,42.981642,0
            -71.463822,42.980481,0
            -71.463345,42.979672,0
            -71.461778,42.977427,0
            -71.460115,42.975163,0
            -71.459938,42.975025,0
            -71.459729,42.974892,0
            -71.45952,42.974786,0
            -71.459284,42.97468,0
            -71.458855,42.974531,0
            -71.4584,42.97442,0
            -71.457937,42.97435,0
            -71.457422,42.974338,0
            -71.457165,42.974362,0
            -71.456913,42.974397,0
            -71.45645,42.97448,0
            -71.455985,42.974625,0
            -71.45556,42.9748,0
            -71.455137,42.975049,0
            -71.45474,42.97532,0
            -71.45172,42.97794,0
            -71.44903,42.98002,0
            -71.44807,42.98063,0
            -71.44704,42.98115,0
            -71.44585,42.98149,0
            -71.4436,42.98212,0
            -71.44245,42.9824,0
            -71.44132,42.98258,0
            -71.44017,42.9827,0
            -71.43901,42.98265,0
            -71.43671,42.98227,0
            -71.43574,42.98217,0
            -71.43479,42.98217,0
            -71.43379,42.98232,0
            -71.43295,42.98259,0
            -71.42975,42.98386,0
            -71.42726,42.98448,0
            -71.42467,42.98486,0
            -71.41901,42.98579,0
            -71.41263,42.98688,0
            -71.41078,42.98734,0
            -71.40897,42.98801,0
            -71.40779,42.98852,0
            -71.40726,42.98888,0
            -71.40273,42.99261,0
            -71.40157,42.99349,0
            -71.40077,42.99458,0
            -71.39745,42.99854,0
            -71.39603,43.00012,0
            -71.39436,43.00154,0
            -71.38714,43.00655,0
            -71.38439,43.00829,0
            -71.38147,43.00996,0
            -71.37631,43.01278,0
            -71.37368,43.01389,0
            -71.37085,43.0149,0
            -71.36504,43.01682,0
            -71.36375,43.01712,0
            -71.35879,43.01801,0
            -71.35768,43.01832,0
            -71.35679,43.01886,0
            -71.35503,43.01978,0
            -71.35306,43.02047,0
            -71.35033,43.02132,0
            -71.34757,43.02207,0
            -71.34647,43.02251,0
            -71.34456,43.02357,0
            -71.34396,43.02376,0
            -71.34332,43.02387,0
            -71.33971,43.02418,0
            -71.33852,43.02412,0
            -71.33637,43.02365,0
            -71.3353,43.02353,0
            -71.33422,43.02357,0
            -71.33217,43.02414,0
            -71.33119,43.02453,0
            -71.32971,43.02527,0
            -71.32919,43.02564,0
            -71.32836,43.02655,0
            -71.32184,43.03438,0
            -71.321,43.03552,0
            -71.3189,43.03886,0
            -71.31836,43.03926,0
            -71.31771,43.03959,0
            -71.31688,43.03979,0
            -71.31603,43.03989,0
            -71.31108,43.03963,0
            -71.30622,43.03962,0
            -71.30481,43.03977,0
            -71.30342,43.04013,0
            -71.30219,43.04075,0
            -71.30169,43.04112,0
            -71.30127,43.04152,0
            -71.30087,43.04223,0
            -71.29907,43.04685,0
            -71.29854,43.04757,0
            -71.29819,43.04787,0
            -71.29725,43.04834,0
            -71.29697,43.04843,0
            -71.29665,43.04845,0
            -71.29577,43.04834,0
            -71.29489,43.04809,0
            -71.29318,43.04758,0
            -71.28837,43.04589,0
            -71.286,43.0452,0
            -71.2848,43.04504,0
            -71.28163,43.04492,0
            -71.26625,43.04457,0
            -71.26333,43.04443,0
            -71.26041,43.04441,0
            -71.25785,43.04429,0
            -71.25702,43.04416,0
            -71.25531,43.0437,0
            -71.25238,43.0427,0
            -71.24853,43.0412,0
            -71.24738,43.04054,0
            -71.24632,43.03982,0
            -71.24427,43.03833,0
            -71.24197,43.03679,0
            -71.23957,43.03538,0
            -71.23853,43.03488,0
            -71.23798,43.03466,0
            -71.23735,43.0345,0
            -71.23677,43.0344,0
            -71.23559,43.03433,0
            -71.235,43.03435,0
            -71.23393,43.03447,0
            -71.23286,43.0347,0
            -71.23087,43.03525,0
            -71.23037,43.03535,0
            -71.22882,43.03547,0
            -71.22778,43.03542,0
            -71.22427,43.03496,0
            -71.21557,43.0343,0
            -71.21444,43.03414,0
            -71.21328,43.0339,0
            -71.2122,43.03356,0
            -71.21076,43.0328,0
            -71.20862,43.03152,0
            -71.20788,43.03117,0
            -71.20652,43.03067,0
            -71.20488,43.03041,0
            -71.20371,43.0304,0
            -71.20255,43.03054,0
            -71.18912,43.03372,0
            -71.18611,43.03448,0
            -71.18308,43.03527,0
            -71.17737,43.03739,0
            -71.17645,43.03767,0
            -71.17547,43.03788,0
            -71.17348,43.03805,0
            -71.16943,43.03793,0
            -71.16421,43.03685,0
            -71.14787,43.03334,0
            -71.14599,43.033,0
            -71.14504,43.03294,0
            -71.14411,43.03296,0
            -71.14226,43.03324,0
            -71.14136,43.03346,0
            -71.14042,43.03361,0
            -71.139,43.03371,0
            -71.13479,43.03365,0
            -71.13178,43.03323,0
            -71.12887,43.03239,0
            -71.11131,43.02797,0
            -71.10974,43.02766,0
            -71.10817,43.02744,0
            -71.10661,43.02733,0
            -71.10506,43.02731,0
            -71.10294,43.02738,0
            -71.10083,43.02761,0
            -71.07499,43.03266,0
            -71.0736,43.03279,0
            -71.0729,43.0328,0
            -71.0722,43.03274,0
            -71.06666,43.0321,0
            -71.05113,43.03017,0
            -71.04885,43.03005,0
            -71.04657,43.03009,0
            -71.04432,43.0303,0
            -71.04207,43.03058,0
            -71.03641,43.03145,0
            -71.03074,43.03228,0
            -71.0194,43.03386,0
            -71.01675,43.0345,0
            -70.99842,43.03913,0
            -70.99647,43.03951,0
            -70.99446,43.03974,0
            -70.99246,43.03988,0
            -70.99043,43.03983,0
            -70.983,43.03929,0
            -70.97932,43.03905,0
            -70.97747,43.03897,0
            -70.97562,43.03899,0
            -70.9743,43.03906,0
            -70.97299,43.03923,0
            -70.9717,43.03941,0
            -70.9704,43.03967,0
            -70.95825,43.04303,0
            -70.95583,43.04362,0
            -70.95414,43.04383,0
            -70.95246,43.04383,0
            -70.95071,43.0439,0
            -70.94984,43.04407,0
            -70.94816,43.04452,0
            -70.94736,43.04481,0
            -70.94586,43.04551,0
            -70.94443,43.04642,0
            -70.94161,43.04831,0
            -70.93993,43.04904,0
            -70.93802,43.04955,0
            -70.90996,43.05292,0
            -70.88396,43.05614,0
            -70.88115,43.05629,0
            -70.87833,43.05611,0
            -70.87608,43.0556,0
            -70.87387,43.05501,0
            -70.87181,43.05416,0
            -70.86986,43.05313,0
            -70.8649,43.04996,0
            -70.86308,43.04891,0
            -70.86119,43.04789,0
            -70.85831,43.04687,0
            -70.85033,43.04464,0
            -70.83838,43.04074,0
            -70.83716,43.04047,0
            -70.83471,43.04035,0
            -70.83349,43.04044,0
            -70.83209,43.04066,0
            -70.8307,43.04097,0
            -70.82823,43.04206,0
            -70.80658,43.05308,0
            -70.79838,43.05719,0
            -70.79572,43.05861,0
            -70.79302,43.05995,0
            -70.79034,43.06134,0
            -70.78783,43.06279,0
            -70.78476,43.06474,0
            -70.78343,43.06517,0
            -70.78,43.06559,0
            -70.77927,43.06577,0
            -70.77816,43.06617,0
            -70.77765,43.06644,0
            -70.77642,43.06735,0
            -70.77305,43.06992,0
            -70.76615,43.0753,0
            -70.76239,43.07815,0
          </coordinates>
        </LineString>
      </Placemark>
      <Placemark>
        <name><![CDATA[Concord & Portsmouth RR (Sunacook section)]]></name>
        <description>K4. This section of the line between Candia and Sunacook lasted only 10 years before being superceded by the line through Manchester. It was abandoned in 1862 long before the first available historical topo map so much of this is approximate.</description>
        <styleUrl>#line-FF0000-5000</styleUrl>
        <LineString>
          <tessellate>1</tessellate>
          <coordinates>
            -71.293716,43.047785,0
            -71.295326,43.048428,0
            -71.296978,43.049102,0
            -71.304703,43.052282,0
            -71.31335,43.054402,0
            -71.318178,43.054465,0
            -71.319691,43.054692,0
            -71.321172,43.054998,0
            -71.322566,43.055343,0
            -71.323854,43.055813,0
            -71.325152,43.056197,0
            -71.326289,43.056636,0
            -71.327609,43.057028,0
            -71.328746,43.057224,0
            -71.330227,43.057044,0
            -71.331525,43.056566,0
            -71.332244,43.056432,0
            -71.333016,43.056385,0
            -71.334572,43.056495,0
            -71.335795,43.056573,0
            -71.336997,43.056816,0
            -71.338348,43.057099,0
            -71.339722,43.057481,0
            -71.34764,43.059388,0
            -71.355557,43.061175,0
            -71.357596,43.061598,0
            -71.359656,43.06188,0
            -71.363711,43.062774,0
            -71.370127,43.065831,0
            -71.370986,43.066154,0
            -71.371865,43.066342,0
            -71.373067,43.066499,0
            -71.375942,43.066836,0
            -71.377573,43.067157,0
            -71.379172,43.06758,0
            -71.390029,43.071169,0
            -71.395115,43.072219,0
            -71.397732,43.072587,0
            -71.400318,43.073128,0
            -71.403,43.074013,0
            -71.405489,43.074977,0
            -71.406798,43.074876,0
            -71.407936,43.07464,0
            -71.409084,43.074382,0
            -71.41036,43.073966,0
            -71.411326,43.073802,0
            -71.412292,43.073747,0
            -71.413257,43.073912,0
            -71.41418,43.074178,0
            -71.415843,43.074821,0
            -71.41712,43.075675,0
            -71.418986,43.076803,0
            -71.420757,43.07801,0
            -71.421593,43.078606,0
            -71.422516,43.079131,0
            -71.424673,43.080103,0
            -71.426389,43.081529,0
            -71.427494,43.083033,0
            -71.427988,43.083864,0
            -71.428041,43.085071,0
            -71.428127,43.085925,0
            -71.42831,43.086818,0
            -71.428792,43.087617,0
            -71.42978,43.088965,0
            -71.430423,43.090077,0
            -71.431475,43.090892,0
            -71.432676,43.091378,0
            -71.433127,43.091738,0
            -71.433277,43.092177,0
            -71.433299,43.094026,0
            -71.435015,43.096549,0
            -71.437408,43.098695,0
            -71.438309,43.099402,0
            -71.439768,43.100507,0
            -71.441485,43.101815,0
            -71.442343,43.102739,0
            -71.448662,43.10743,0
            -71.449982,43.108894,0
            -71.453147,43.111285,0
            -71.456988,43.114933,0
            -71.459616,43.117597,0
            -71.461279,43.119273,0
            -71.461709,43.120237,0
          </coordinates>
        </LineString>
      </Placemark>
      <Placemark>
        <name>Brookline and Pepperell</name>
        <description>Built by the Fitchburg R/R and absorbed into Boston and Maine R/R</description>
        <styleUrl>#line-FFEA00-2550</styleUrl>
        <LineString>
          <tessellate>1</tessellate>
          <coordinates>
            -71.6128989,42.7042222,0
            -71.614959,42.705401,0
            -71.61586,42.705792,0
            -71.616805,42.705997,0
            -71.617298,42.706045,0
            -71.617824,42.706021,0
            -71.6188913,42.7058834,0
            -71.620806,42.705636,0
            -71.623435,42.705209,0
            -71.625066,42.70498,0
            -71.626697,42.704862,0
            -71.630248,42.704937,0
            -71.6337829,42.705075,0
            -71.6350462,42.7052442,0
            -71.6356511,42.70538,0
            -71.6361701,42.7055632,0
            -71.637318,42.706194,0
            -71.638359,42.706928,0
            -71.639174,42.707582,0
            -71.640226,42.70815,0
            -71.641277,42.708623,0
            -71.642189,42.709206,0
            -71.642994,42.709963,0
            -71.643659,42.710814,0
            -71.644968,42.712466,0
            -71.648058,42.714874,0
            -71.6484973,42.7153391,0
            -71.6491623,42.7158749,0
            -71.6505684,42.7165529,0
            -71.6518454,42.7170652,0
            -71.6531324,42.7175783,0
            -71.6558473,42.71865,0
            -71.657048,42.7192173,0
            -71.6591243,42.7205064,0
            -71.659602,42.7208097,0
            -71.659994,42.72107,0
            -71.6607139,42.7219901,0
            -71.6614338,42.723194,0
            -71.662745,42.725381,0
            -71.663336,42.726965,0
            -71.663797,42.728565,0
            -71.664194,42.729401,0
            -71.6644245,42.7298578,0
            -71.6647195,42.7302909,0
            -71.6651164,42.7308151,0
            -71.665685,42.731363,0
            -71.6671117,42.7324269,0
            -71.668807,42.7335613,0
            -71.669505,42.734129,0
            -71.670095,42.734625,0
            -71.670567,42.735169,0
            -71.670974,42.7358,0
            -71.670996,42.736446,0
            -71.6709477,42.7367688,0
            -71.670878,42.73706,0
            -71.670642,42.737588,0
            -71.6702233,42.738408,0
            -71.670014,42.7388997,0
            -71.6698046,42.739423,0
            -71.66959,42.740048,0
            -71.6695689,42.7405681,0
            -71.6696123,42.7409306,0
            -71.6696872,42.7412104,0
            -71.669848,42.741569,0
            -71.6700033,42.7418135,0
            -71.670223,42.742058,0
            -71.6705345,42.7423061,0
            -71.670846,42.742507,0
            -71.671715,42.74283,0
            -71.672519,42.743106,0
            -71.6738603,42.7434996,0
            -71.6744129,42.7437359,0
            -71.6748905,42.7439879,0
            -71.6752554,42.7444096,0
            -71.6755881,42.7448392,0
            -71.67597,42.745857,0
            -71.6758665,42.746508,0
            -71.675609,42.7469334,0
            -71.675228,42.747283,0
            -71.674741,42.747748,0
            -71.674223,42.748326,0
            -71.6740212,42.748714,0
            -71.673871,42.749023,0
            -71.6738012,42.7495415,0
            -71.6739461,42.7500916,0
            -71.6747936,42.7515699,0
            -71.6754159,42.7532165,0
            -71.6755554,42.7535946,0
            -71.6756627,42.7542879,0
            -71.6757056,42.7548708,0
            -71.6756949,42.7556822,0
            -71.6755983,42.7588017,0
            -71.6755554,42.7605268,0
            -71.6755876,42.7622125,0
            -71.6756198,42.7640951,0
            -71.6756627,42.7669385,0
            -71.6756949,42.7688602,0
            -71.6757056,42.7702464,0
            -71.6756841,42.7707032,0
            -71.6755698,42.7718272,0
            -71.6754159,42.7728139,0
            -71.675175,42.773595,0
            -71.6749868,42.7741054,0
            -71.6747293,42.7746567,0
            -71.6744825,42.7751607,0
            -71.6741928,42.775712,0
            -71.6739246,42.7761609,0
            -71.6735384,42.7766649,0
            -71.671916,42.778611,0
            -71.6715106,42.7792242,0
            -71.670833,42.780288,0
            -71.6697296,42.7817756,0
            -71.6673156,42.7848938,0
            -71.6657385,42.7866811,0
            -71.6646764,42.7879567,0
            -71.6638502,42.7889802,0
            -71.6632387,42.7901219,0
            -71.6629812,42.7907753,0
            -71.6627452,42.7917516,0
            -71.6626271,42.7923342,0
            -71.6625735,42.7932475,0
            -71.6626057,42.7950425,0
            -71.6626379,42.7986087,0
            -71.6625842,42.8015056,0
            -71.662386,42.804525,0
            -71.662446,42.805233,0
            -71.6626808,42.8072676,0
            -71.6628739,42.8095895,0
            -71.6629383,42.8108016,0
            -71.6630563,42.8113683,0
            -71.663279,42.811753,0
            -71.6634425,42.8122183,0
            -71.6635069,42.8126748,0
            -71.6635069,42.8132966,0
            -71.663346,42.8146503,0
            -71.6632923,42.8151461,0
            -71.6632601,42.8155711,0
            -71.6631636,42.8159567,0
            -71.6629276,42.816303,0
            -71.6625842,42.8166257,0
            -71.6622516,42.8168618,0
            -71.6616937,42.8171293,0
            -71.6610929,42.8173733,0
            -71.6605672,42.8175701,0
            -71.6600844,42.8177274,0
            -71.659679,42.817837,0
            -71.6592797,42.8179085,0
            -71.6588506,42.8179557,0
            -71.6578743,42.817995,0
            -71.6571125,42.8180108,0
            -71.6564688,42.8179793,0
            -71.654783,42.817881,0
            -71.6530785,42.8179085,0
            -71.6516408,42.8179399,0
            -71.6508683,42.8179793,0
            -71.6504177,42.818058,0
            -71.6500959,42.8182154,0
            -71.6497525,42.8183885,0
            -71.6493019,42.8186954,0
            -71.6488835,42.8190023,0
            -71.6485938,42.8193093,0
            -71.6483578,42.8196319,0
            -71.6481969,42.8199467,0
            -71.6481432,42.8203323,0
            -71.648229,42.820773,0
            -71.64839,42.8214655,0
            -71.6485831,42.822276,0
            -71.64871,42.822763,0
            -71.6487869,42.8232912,0
            -71.648835,42.823938,0
            -71.6490123,42.8248807,0
            -71.6494736,42.8272728,0
            -71.6497204,42.828815,0
            -71.64982,42.82919,0
            -71.649952,42.829455,0
            -71.650064,42.829681,0
            -71.6501066,42.8299638,0
            -71.6501059,42.8302683,0
            -71.6500637,42.830491,0
            -71.6499778,42.8307349,0
            -71.649843,42.83102,0
            -71.6496882,42.8312542,0
            -71.6494736,42.8314902,0
            -71.6492054,42.8316948,0
            -71.6489801,42.8318285,0
            -71.648588,42.832039,0
            -71.64823,42.832208,0
            -71.647826,42.832358,0
            -71.6475102,42.8324658,0
            -71.6471832,42.832549,0
            -71.6468611,42.8325898,0
            -71.6463837,42.8325839,0
            -71.646094,42.8325681,0
            -71.64574,42.8325209,0
            -71.6452679,42.8324186,0
            -71.6449246,42.8323085,0
          </coordinates>
        </LineString>
      </Placemark>
      <Placemark>
        <name><![CDATA[Portsmouth & Dover RR]]></name>
        <description><![CDATA[K86, K165, K365<br>Portsmouth to Dover]]></description>
        <styleUrl>#line-6600CC-5000</styleUrl>
        <LineString>
          <tessellate>1</tessellate>
          <coordinates>
            -70.762875,43.07773,0
            -70.762349,43.078128,0
            -70.761995,43.07849,0
            -70.761856,43.078645,0
            -70.761738,43.078803,0
            -70.761582,43.079045,0
            -70.761491,43.079289,0
            -70.761389,43.080001,0
            -70.761298,43.0807,0
            -70.761276,43.080957,0
            -70.761303,43.081204,0
            -70.761357,43.081419,0
            -70.761448,43.081624,0
            -70.761572,43.081791,0
            -70.761716,43.081961,0
            -70.762113,43.082345,0
            -70.762349,43.082563,0
            -70.762553,43.082784,0
            -70.76273,43.083049,0
            -70.762891,43.083315,0
            -70.763181,43.083735,0
            -70.763449,43.084072,0
            -70.763744,43.08439,0
            -70.763975,43.084624,0
            -70.764205,43.084837,0
            -70.764484,43.085071,0
            -70.764774,43.085284,0
            -70.765042,43.08547,0
            -70.765311,43.085636,0
            -70.76567,43.08585,0
            -70.76604,43.086062,0
            -70.766539,43.086305,0
            -70.76707,43.086528,0
            -70.767494,43.086681,0
            -70.767928,43.08682,0
            -70.768872,43.087062,0
            -70.769688,43.087257,0
            -70.770482,43.087423,0
            -70.771088,43.08757,0
            -70.771678,43.087727,0
            -70.772209,43.087911,0
            -70.772708,43.088126,0
            -70.773089,43.088322,0
            -70.773464,43.088543,0
            -70.773733,43.088714,0
            -70.773979,43.088888,0
            -70.774559,43.089382,0
            -70.778571,43.092492,0
            -70.781393,43.094678,0
            -70.782777,43.095853,0
            -70.783678,43.096827,0
            -70.783909,43.097074,0
            -70.78415,43.097368,0
            -70.784461,43.09763,0
            -70.784622,43.097783,0
            -70.784805,43.097908,0
            -70.78518,43.098149,0
            -70.786715,43.098895,0
            -70.788195,43.099661,0
            -70.791821,43.101392,0
            -70.793753,43.10233,0
            -70.795265,43.103092,0
            -70.797095,43.104085,0
            -70.798886,43.105103,0
            -70.80255,43.107128,0
            -70.814223,43.113566,0
            -70.81845,43.115978,0
            -70.821669,43.117669,0
            -70.82654,43.120598,0
            -70.835166,43.125375,0
            -70.836046,43.125811,0
            -70.836797,43.12639,0
            -70.837698,43.127377,0
            -70.838299,43.128379,0
            -70.840434,43.132883,0
            -70.841904,43.136288,0
            -70.843202,43.139356,0
            -70.843642,43.140759,0
            -70.843824,43.142019,0
            -70.844049,43.143998,0
            -70.844049,43.145049,0
            -70.843931,43.145964,0
            -70.843878,43.146808,0
            -70.843996,43.147655,0
            -70.844092,43.148202,0
            -70.844253,43.148735,0
            -70.844554,43.149579,0
            -70.844918,43.150364,0
            -70.845251,43.151098,0
            -70.84568,43.15178,0
            -70.846946,43.153416,0
            -70.849038,43.156054,0
            -70.849392,43.156412,0
            -70.849661,43.156782,0
            -70.850519,43.158118,0
            -70.851249,43.159461,0
            -70.851721,43.160208,0
            -70.852831,43.161472,0
            -70.853684,43.162599,0
            -70.854419,43.163554,0
            -70.855197,43.16434,0
            -70.856017,43.165154,0
            -70.856672,43.165827,0
            -70.857718,43.166868,0
            -70.860432,43.169556,0
            -70.861763,43.170948,0
            -70.862498,43.171653,0
            -70.863302,43.172306,0
            -70.864027,43.172779,0
            -70.864837,43.173214,0
            -70.866462,43.174039,0
            -70.868238,43.174947,0
            -70.869107,43.175397,0
            -70.869917,43.175874,0
            -70.870437,43.176277,0
            -70.870866,43.176699,0
            -70.87159,43.177572,0
            -70.873119,43.179316,0
            -70.873806,43.180122,0
            -70.87453,43.180924,0
            -70.874755,43.181151,0
            -70.875217,43.181523,0
            -70.875737,43.181867,0
            -70.876751,43.182555,0
            -70.876869,43.182665,0
            -70.876966,43.182774,0
            -70.877057,43.182899,0
            -70.877126,43.183029,0
            -70.877207,43.183185,0
            -70.877271,43.183345,0
            -70.877293,43.183478,0
            -70.877293,43.183772,0
            -70.877303,43.183916,0
            -70.877352,43.184065,0
            -70.877486,43.184339,0
            -70.877641,43.184581,0
            -70.879755,43.186936,0
            -70.880023,43.187507,0
            -70.880238,43.188094,0
            -70.880334,43.188673,0
            -70.880356,43.189252,0
            -70.880184,43.19267,0
            -70.879991,43.194492,0
            -70.879894,43.195321,0
            -70.879809,43.195712,0
            -70.879734,43.195908,0
            -70.879616,43.196096,0
            -70.879401,43.196502,0
            -70.879176,43.196948,0
            -70.878929,43.197388,0
            -70.878725,43.197723,0
            -70.878586,43.197887,0
            -70.878435,43.198006,0
            -70.878232,43.198145,0
            -70.877985,43.198264,0
            -70.877481,43.198452,0
          </coordinates>
        </LineString>
      </Placemark>
      <Placemark>
        <name><![CDATA[Monadnock RR also Peterborough & Hillsborough]]></name>
        <description><![CDATA[Winchendon (MA) to Bennington.<br>Quite approximate in parts.]]></description>
        <styleUrl>#line-FF6600-5000</styleUrl>
        <LineString>
          <tessellate>1</tessellate>
          <coordinates>
            -72.045765,42.686297,0
            -72.048168,42.688883,0
            -72.048769,42.689704,0
            -72.049026,42.691912,0
            -72.050657,42.702257,0
            -72.051258,42.705915,0
            -72.049713,42.708375,0
            -72.048597,42.711655,0
            -72.044392,42.715186,0
            -72.039585,42.718465,0
            -72.038469,42.719474,0
            -72.038813,42.721114,0
            -72.04113,42.727293,0
            -72.042074,42.728869,0
            -72.042589,42.730572,0
            -72.041645,42.734291,0
            -72.041302,42.736687,0
            -72.041731,42.743306,0
            -72.042675,42.747592,0
            -72.042332,42.749105,0
            -72.041388,42.750617,0
            -72.039156,42.752445,0
            -72.035379,42.758117,0
            -72.034264,42.763032,0
            -72.033749,42.767128,0
            -72.032719,42.772421,0
            -72.032461,42.776768,0
            -72.032804,42.778847,0
            -72.032633,42.780233,0
            -72.030916,42.782627,0
            -72.028341,42.78565,0
            -72.025509,42.789367,0
            -72.025766,42.791886,0
            -72.026882,42.795098,0
            -72.026453,42.800011,0
            -72.026367,42.803034,0
            -72.02611,42.805552,0
            -72.024307,42.807253,0
            -72.023277,42.809771,0
            -72.022762,42.811975,0
            -72.022591,42.812781,0
            -72.02229,42.813552,0
            -72.021936,42.814088,0
            -72.021518,42.814607,0
            -72.021174,42.814977,0
            -72.02067,42.815276,0
            -72.020091,42.815551,0
            -72.019458,42.815772,0
            -72.018739,42.815953,0
            -72.017709,42.81622,0
            -72.017162,42.81633,0
            -72.016593,42.816433,0
            -72.015327,42.816693,0
            -72.014748,42.816811,0
            -72.01419,42.816858,0
            -72.013761,42.816866,0
            -72.013332,42.816842,0
            -72.012924,42.816834,0
            -72.012495,42.816811,0
            -72.012033,42.816763,0
            -72.011529,42.816708,0
            -72.008429,42.816425,0
            -72.006744,42.81633,0
            -72.006283,42.816268,0
            -72.005832,42.816244,0
            -72.005403,42.816275,0
            -72.004995,42.816319,0
            -72.004534,42.816401,0
            -72.004137,42.816614,0
            -72.00359,42.817267,0
            -72.00227,42.818762,0
            -72.001605,42.819297,0
            -71.999727,42.820344,0
            -71.999223,42.82069,0
            -71.997871,42.821863,0
            -71.996723,42.823059,0
            -71.99579,42.824192,0
            -71.995468,42.824578,0
            -71.995093,42.824955,0
            -71.994663,42.825294,0
            -71.994417,42.825443,0
            -71.994159,42.825561,0
            -71.993634,42.82564,0
            -71.993086,42.825687,0
            -71.992528,42.825774,0
            -71.991971,42.825923,0
            -71.991059,42.826112,0
            -71.990715,42.826214,0
            -71.990501,42.826325,0
            -71.990329,42.826498,0
            -71.990168,42.826828,0
            -71.989996,42.827222,0
            -71.9899,42.827623,0
            -71.989911,42.827993,0
            -71.989954,42.828575,0
            -71.989954,42.828843,0
            -71.989814,42.829543,0
            -71.989396,42.830204,0
            -71.988956,42.83066,0
            -71.988473,42.831124,0
            -71.988301,42.831345,0
            -71.988173,42.831541,0
            -71.988022,42.831848,0
            -71.987915,42.832131,0
            -71.987861,42.832391,0
            -71.987936,42.832942,0
            -71.987829,42.833713,0
            -71.987615,42.834366,0
            -71.9874,42.834712,0
            -71.986552,42.835892,0
            -71.986274,42.836262,0
            -71.985866,42.836553,0
            -71.98504,42.83697,0
            -71.98446,42.837182,0
            -71.98386,42.837348,0
            -71.983312,42.837497,0
            -71.982647,42.837623,0
            -71.981767,42.83771,0
            -71.980813,42.837686,0
            -71.98048,42.83767,0
            -71.980126,42.837631,0
            -71.979793,42.837584,0
            -71.979439,42.837497,0
            -71.978924,42.837316,0
            -71.978409,42.837167,0
            -71.977798,42.837009,0
            -71.977433,42.836962,0
            -71.97709,42.83697,0
            -71.976736,42.836962,0
            -71.976403,42.837009,0
            -71.976081,42.83708,0
            -71.975781,42.83719,0
            -71.975502,42.8373,0
            -71.975266,42.837426,0
            -71.974976,42.837568,0
            -71.974665,42.837702,0
            -71.974343,42.837804,0
            -71.973978,42.837851,0
            -71.973313,42.837875,0
            -71.972809,42.837835,0
            -71.972326,42.837859,0
            -71.971768,42.837891,0
            -71.971339,42.838001,0
            -71.970921,42.838197,0
            -71.970491,42.838347,0
            -71.970127,42.838512,0
            -71.969773,42.838842,0
            -71.969537,42.839149,0
            -71.969365,42.839519,0
            -71.969386,42.839975,0
            -71.969354,42.840203,0
            -71.96929,42.840432,0
            -71.969172,42.840691,0
            -71.968979,42.840919,0
            -71.968512,42.841336,0
            -71.968201,42.841553,0
            -71.967541,42.842363,0
            -71.967342,42.842689,0
            -71.967192,42.842953,0
            -71.966168,42.84455,0
            -71.965325,42.846119,0
            -71.96525,42.846351,0
            -71.965213,42.846583,0
            -71.965186,42.846827,0
            -71.965191,42.847063,0
            -71.965272,42.848003,0
            -71.965368,42.848841,0
            -71.965438,42.849262,0
            -71.965524,42.849678,0
            -71.965567,42.850091,0
            -71.965599,42.850233,0
            -71.965583,42.850375,0
            -71.965578,42.850516,0
            -71.965626,42.850937,0
            -71.965658,42.851358,0
            -71.965669,42.85216,0
            -71.965642,42.852561,0
            -71.965567,42.852962,0
            -71.965417,42.85356,0
            -71.965197,42.854166,0
            -71.964692,42.855058,0
            -71.964263,42.855986,0
            -71.96421,42.856128,0
            -71.964124,42.856266,0
            -71.963931,42.856545,0
            -71.963711,42.856871,0
            -71.963609,42.857127,0
            -71.963518,42.857402,0
            -71.963121,42.858318,0
            -71.962751,42.858963,0
            -71.962273,42.859549,0
            -71.961485,42.860701,0
            -71.961176,42.861218,0
            -71.960688,42.861763,0
            -71.96043,42.862056,0
            -71.960168,42.862317,0
            -71.95935,42.863173,0
            -71.959175,42.863361,0
            -71.958995,42.863548,0
            -71.958778,42.863768,0
            -71.958478,42.86401,0
            -71.958202,42.864232,0
            -71.957815,42.864541,0
            -71.957577,42.864736,0
            -71.956965,42.865262,0
            -71.956651,42.865496,0
            -71.956407,42.865683,0
            -71.956088,42.865935,0
            -71.955817,42.866161,0
            -71.955458,42.866442,0
            -71.955112,42.866721,0
            -71.954935,42.866875,0
            -71.954759,42.867017,0
            -71.954231,42.86745,0
            -71.953779,42.867813,0
            -71.952553,42.868743,0
            -71.950809,42.870417,0
            -71.950238,42.870887,0
            -71.950029,42.87118,0
            -71.949801,42.871624,0
            -71.949753,42.871836,0
            -71.94972,42.872019,0
            -71.949669,42.87221,0
            -71.949656,42.872613,0
            -71.949683,42.873415,0
            -71.949573,42.873922,0
            -71.949541,42.874771,0
            -71.949267,42.875882,0
            -71.94869,42.878493,0
            -71.947575,42.881889,0
            -71.947145,42.883461,0
            -71.947103,42.888393,0
            -71.94706,42.889266,0
            -71.94692,42.890131,0
            -71.94662,42.891868,0
            -71.946437,42.89311,0
            -71.946427,42.894422,0
            -71.946566,42.89693,0
            -71.946641,42.897448,0
            -71.946877,42.898038,0
            -71.947027,42.898305,0
            -71.947231,42.898525,0
            -71.947682,42.898973,0
            -71.948401,42.89957,0
            -71.949366,42.900537,0
            -71.949785,42.901024,0
            -71.950053,42.901519,0
            -71.950268,42.90203,0
            -71.950364,42.902549,0
            -71.950407,42.903036,0
            -71.95031,42.903524,0
            -71.949999,42.904325,0
            -71.949592,42.905135,0
            -71.94869,42.906706,0
            -71.947896,42.908152,0
            -71.946974,42.90987,0
            -71.942081,42.918733,0
            -71.941706,42.919483,0
            -71.941566,42.91986,0
            -71.941524,42.920284,0
            -71.941513,42.92063,0
            -71.941609,42.921235,0
            -71.941738,42.921813,0
            -71.941792,42.921966,0
            -71.941931,42.922138,0
            -71.942618,42.922924,0
            -71.943465,42.923686,0
            -71.94368,42.923945,0
            -71.943809,42.924228,0
            -71.944023,42.924605,0
            -71.944184,42.925242,0
            -71.944206,42.925462,0
            -71.944174,42.925689,0
            -71.943959,42.926153,0
            -71.943101,42.92763,0
            -71.941706,42.928957,0
            -71.941245,42.929484,0
            -71.94088,42.929987,0
            -71.940708,42.930804,0
            -71.940622,42.931636,0
            -71.940708,42.932335,0
            -71.94088,42.933003,0
            -71.942049,42.935265,0
            -71.942596,42.936121,0
            -71.943004,42.936546,0
            -71.943476,42.936962,0
            -71.944431,42.937598,0
            -71.944624,42.937787,0
            -71.945901,42.939145,0
            -71.946459,42.940198,0
            -71.947317,42.940685,0
            -71.947982,42.941109,0
            -71.948208,42.941352,0
            -71.948315,42.941674,0
            -71.948336,42.942884,0
            -71.94795,42.945264,0
            -71.947703,42.946473,0
            -71.947371,42.947612,0
            -71.946287,42.94996,0
            -71.946062,42.950203,0
            -71.945086,42.951538,0
            -71.944774,42.952017,0
            -71.944249,42.953054,0
            -71.943862,42.954083,0
            -71.943583,42.954467,0
            -71.943465,42.95486,0
            -71.943315,42.95614,0
            -71.943101,42.957624,0
            -71.942779,42.959116,0
            -71.941996,42.962026,0
            -71.942682,42.965632,0
            -71.942908,42.966865,0
            -71.942875,42.967564,0
            -71.942811,42.967956,0
            -71.942511,42.969248,0
            -71.941363,42.971913,0
            -71.94117,42.972509,0
            -71.941116,42.972847,0
            -71.940622,42.974629,0
            -71.940536,42.974901,0
            -71.940494,42.975657,0
            -71.940311,42.976427,0
            -71.939957,42.977965,0
            -71.939882,42.978499,0
            -71.939807,42.978719,0
            -71.939249,42.980175,0
          </coordinates>
        </LineString>
      </Placemark>
      <Placemark>
        <name>Cheshire RR</name>
        <styleUrl>#line-097138-3519-nodesc</styleUrl>
        <LineString>
          <tessellate>1</tessellate>
          <coordinates>
            -72.450029,43.137571,0
            -72.449448,43.137403,0
            -72.448279,43.137055,0
            -72.447308,43.136713,0
            -72.446743,43.13664,0
            -72.446031,43.136572,0
            -72.445215,43.136593,0
            -72.443799,43.136629,0
            -72.442654,43.136618,0
            -72.441808,43.136526,0
            -72.441189,43.136282,0
            -72.440578,43.13595,0
            -72.440014,43.135632,0
            -72.439497,43.135346,0
            -72.438886,43.134955,0
            -72.438386,43.134363,0
            -72.438125,43.133623,0
            -72.437979,43.132702,0
            -72.437846,43.131832,0
            -72.437635,43.130776,0
            -72.437423,43.129939,0
            -72.437327,43.128914,0
            -72.437011,43.127971,0
            -72.436606,43.126731,0
            -72.43588,43.125618,0
            -72.435089,43.124677,0
            -72.433931,43.123734,0
            -72.432605,43.122808,0
            -72.431486,43.121869,0
            -72.430567,43.120399,0
            -72.430017,43.11945,0
            -72.429566,43.117581,0
            -72.429538,43.1159,0
            -72.430069,43.113663,0
            -72.431145,43.111287,0
            -72.432347,43.108799,0
            -72.433534,43.106233,0
            -72.434562,43.103742,0
            -72.434457,43.101317,0
            -72.434082,43.098845,0
            -72.433249,43.095961,0
            -72.432698,43.093214,0
            -72.43239,43.092012,0
            -72.432096,43.09064,0
            -72.431883,43.089634,0
            -72.431682,43.088489,0
            -72.431587,43.087587,0
            -72.43161,43.086757,0
            -72.431822,43.085616,0
            -72.432117,43.083981,0
            -72.432247,43.082691,0
            -72.432538,43.081263,0
            -72.432657,43.080404,0
            -72.432803,43.079748,0
            -72.432981,43.079155,0
            -72.433285,43.078404,0
            -72.433649,43.077768,0
            -72.434041,43.077268,0
            -72.434759,43.076415,0
            -72.436438,43.074454,0
            -72.437362,43.073351,0
            -72.437968,43.072659,0
            -72.438857,43.071665,0
            -72.439543,43.07084,0
            -72.440105,43.070218,0
            -72.440657,43.069592,0
            -72.441237,43.068966,0
            -72.441828,43.068288,0
            -72.442481,43.067556,0
            -72.443058,43.066848,0
            -72.443605,43.066191,0
            -72.444185,43.065559,0
            -72.444724,43.065009,0
            -72.445386,43.064343,0
            -72.446032,43.063474,0
            -72.446431,43.062961,0
            -72.447338,43.061585,0
            -72.448286,43.060054,0
            -72.448815,43.059242,0
            -72.449439,43.058143,0
            -72.450049,43.057021,0
            -72.450325,43.056055,0
            -72.450417,43.055117,0
            -72.450182,43.054074,0
            -72.449671,43.053226,0
            -72.44889,43.052353,0
            -72.447613,43.05086,0
            -72.446695,43.049356,0
            -72.445794,43.047138,0
            -72.444713,43.044812,0
            -72.443955,43.042605,0
            -72.443254,43.040638,0
            -72.441672,43.037032,0
            -72.440701,43.034696,0
            -72.439888,43.032633,0
            -72.439151,43.030868,0
            -72.439174,43.030879,0
            -72.438582,43.02959,0
            -72.438254,43.028881,0
            -72.438086,43.028166,0
            -72.43784,43.027656,0
            -72.437511,43.027053,0
            -72.437014,43.026493,0
            -72.436553,43.02611,0
            -72.436061,43.025791,0
            -72.435624,43.02554,0
            -72.43531,43.025339,0
            -72.435109,43.025071,0
            -72.43481,43.024716,0
            -72.434578,43.024319,0
            -72.434254,43.023712,0
            -72.434068,43.022968,0
            -72.434069,43.022431,0
            -72.434125,43.021824,0
            -72.434226,43.021262,0
            -72.4344,43.020783,0
            -72.434696,43.020312,0
            -72.435012,43.019888,0
            -72.435388,43.01952,0
            -72.435954,43.019145,0
            -72.436508,43.018785,0
            -72.436879,43.018454,0
            -72.437238,43.018072,0
            -72.437647,43.017623,0
            -72.437961,43.017128,0
            -72.4382,43.016655,0
            -72.438285,43.016259,0
            -72.438348,43.015789,0
            -72.438304,43.015259,0
            -72.438182,43.014758,0
            -72.437998,43.014248,0
            -72.437773,43.013763,0
            -72.437492,43.013351,0
            -72.437113,43.012936,0
            -72.436824,43.012653,0
            -72.436485,43.012327,0
            -72.436144,43.01195,0
            -72.435863,43.011563,0
            -72.435686,43.01123,0
            -72.435533,43.010812,0
            -72.435394,43.010423,0
            -72.435334,43.009982,0
            -72.435338,43.009538,0
            -72.435466,43.009027,0
            -72.435595,43.008524,0
            -72.435754,43.007981,0
            -72.435778,43.007476,0
            -72.435738,43.006877,0
            -72.435602,43.006418,0
            -72.435425,43.006014,0
            -72.435188,43.005642,0
            -72.434881,43.00515,0
            -72.434402,43.00458,0
            -72.433949,43.004076,0
            -72.433397,43.003484,0
            -72.432959,43.003024,0
            -72.432567,43.002592,0
            -72.432166,43.002172,0
            -72.431734,43.001731,0
            -72.431302,43.001307,0
            -72.430956,43.000871,0
            -72.430648,43.000412,0
            -72.430376,42.999822,0
            -72.430264,42.999186,0
            -72.430217,42.998619,0
            -72.430382,42.997875,0
            -72.430659,42.997383,0
            -72.431068,42.996928,0
            -72.431422,42.996613,0
            -72.431755,42.996249,0
            -72.432081,42.995838,0
            -72.432288,42.995447,0
            -72.432448,42.994902,0
            -72.432481,42.994367,0
            -72.432403,42.993858,0
            -72.432222,42.993383,0
            -72.431957,42.992998,0
            -72.431587,42.992657,0
            -72.431141,42.992266,0
            -72.430698,42.991981,0
            -72.430163,42.991705,0
            -72.429517,42.991514,0
            -72.428969,42.991455,0
            -72.428348,42.991421,0
            -72.427612,42.991454,0
            -72.426916,42.991545,0
            -72.42624,42.991732,0
            -72.425568,42.991882,0
            -72.42507,42.992023,0
            -72.424489,42.992197,0
            -72.423931,42.992452,0
            -72.423427,42.99274,0
            -72.422894,42.99311,0
            -72.422504,42.993499,0
            -72.422122,42.993923,0
            -72.421895,42.994357,0
            -72.421679,42.994783,0
            -72.421475,42.995339,0
            -72.421191,42.995905,0
            -72.420875,42.99643,0
            -72.420408,42.99682,0
            -72.419988,42.997153,0
            -72.419509,42.997468,0
            -72.419041,42.997832,0
            -72.418623,42.998084,0
            -72.418182,42.998448,0
            -72.417648,42.99876,0
            -72.417114,42.999084,0
            -72.416557,42.999471,0
            -72.415964,42.999855,0
            -72.41542,43.000104,0
            -72.41489,43.000292,0
            -72.414434,43.000441,0
            -72.413851,43.000567,0
            -72.413273,43.000587,0
            -72.41269,43.000575,0
            -72.412122,43.000474,0
            -72.41143,43.000331,0
            -72.410714,43.000092,0
            -72.410187,42.999824,0
            -72.409781,42.999543,0
            -72.40934,42.999235,0
            -72.408849,42.998913,0
            -72.408436,42.998617,0
            -72.407933,42.998317,0
            -72.407458,42.998044,0
            -72.406702,42.997675,0
            -72.406165,42.997371,0
            -72.405419,42.997062,0
            -72.4048,42.996834,0
            -72.404057,42.996529,0
            -72.403518,42.99627,0
            -72.402934,42.996039,0
            -72.402372,42.995737,0
            -72.40179,42.995416,0
            -72.401137,42.995125,0
            -72.400573,42.994844,0
            -72.399974,42.994543,0
            -72.399402,42.994359,0
            -72.398805,42.994213,0
            -72.398057,42.994074,0
            -72.397259,42.993971,0
            -72.396366,42.993894,0
            -72.395611,42.993886,0
            -72.394913,42.993924,0
            -72.394248,42.993971,0
            -72.393697,42.994098,0
            -72.39315,42.994262,0
            -72.392609,42.994457,0
            -72.392131,42.994655,0
            -72.391592,42.994874,0
            -72.391128,42.995152,0
            -72.390679,42.995393,0
            -72.390158,42.995675,0
            -72.389663,42.995945,0
            -72.389143,42.996153,0
            -72.388708,42.996278,0
            -72.388307,42.996319,0
            -72.388112,42.996352,0
            -72.388096,42.996348,0
            -72.387783,42.996398,0
            -72.387444,42.996448,0
            -72.387101,42.996483,0
            -72.386758,42.996471,0
            -72.386314,42.996413,0
            -72.385894,42.996343,0
            -72.385494,42.996245,0
            -72.385075,42.996155,0
            -72.384737,42.996042,0
            -72.38451,42.995921,0
            -72.384257,42.995796,0
            -72.384055,42.995651,0
            -72.383845,42.995446,0
            -72.383642,42.995235,0
            -72.383461,42.995014,0
            -72.383274,42.99476,0
            -72.383134,42.994538,0
            -72.383019,42.994292,0
            -72.382852,42.993999,0
            -72.382706,42.993772,0
            -72.38256,42.993552,0
            -72.382368,42.993336,0
            -72.382151,42.993104,0
            -72.381916,42.992861,0
            -72.38172,42.992683,0
            -72.381431,42.992462,0
            -72.381153,42.992254,0
            -72.380873,42.99207,0
            -72.380596,42.991868,0
            -72.380295,42.991693,0
            -72.380016,42.991599,0
            -72.379671,42.991498,0
            -72.379229,42.991364,0
            -72.378854,42.991208,0
            -72.378512,42.991093,0
            -72.378177,42.990988,0
            -72.37788,42.990867,0
            -72.377598,42.990765,0
            -72.377314,42.990643,0
            -72.377048,42.990509,0
            -72.376704,42.990366,0
            -72.37639,42.990199,0
            -72.376076,42.989998,0
            -72.375784,42.98979,0
            -72.375472,42.989543,0
            -72.375234,42.989289,0
            -72.374996,42.989024,0
            -72.374782,42.988778,0
            -72.374629,42.988545,0
            -72.374488,42.988281,0
            -72.374384,42.988097,0
            -72.374278,42.987837,0
            -72.374184,42.9876,0
            -72.374079,42.987365,0
            -72.373951,42.987067,0
            -72.373825,42.986825,0
            -72.373669,42.986555,0
            -72.373492,42.986316,0
            -72.373325,42.986112,0
            -72.373151,42.985885,0
            -72.372972,42.985701,0
            -72.372718,42.98548,0
            -72.372468,42.985258,0
            -72.372217,42.985069,0
            -72.371961,42.984896,0
            -72.371668,42.984715,0
            -72.371343,42.984538,0
            -72.37104,42.984382,0
            -72.370668,42.9842,0
            -72.370202,42.983959,0
            -72.369693,42.983688,0
            -72.369047,42.983368,0
            -72.368412,42.983016,0
            -72.36796,42.982786,0
            -72.367529,42.982562,0
            -72.367044,42.982343,0
            -72.366627,42.982185,0
            -72.366281,42.982053,0
            -72.365976,42.981949,0
            -72.365658,42.981856,0
            -72.36528,42.981749,0
            -72.364947,42.981678,0
            -72.36465,42.981604,0
            -72.364267,42.981521,0
            -72.363901,42.981461,0
            -72.363478,42.981408,0
            -72.363179,42.98138,0
            -72.362862,42.981347,0
            -72.362547,42.981328,0
            -72.362067,42.9813,0
            -72.361678,42.981313,0
            -72.361212,42.981331,0
            -72.360771,42.981354,0
            -72.360397,42.981364,0
            -72.360055,42.981362,0
            -72.359602,42.981329,0
            -72.359166,42.981298,0
            -72.358863,42.981264,0
            -72.358542,42.981225,0
            -72.358084,42.981159,0
            -72.357658,42.981044,0
            -72.357284,42.980955,0
            -72.356756,42.9808,0
            -72.356278,42.980653,0
            -72.355888,42.980519,0
            -72.355504,42.980388,0
            -72.355122,42.980254,0
            -72.354744,42.980122,0
            -72.354201,42.979966,0
            -72.353776,42.979797,0
            -72.353408,42.97968,0
            -72.352955,42.979517,0
            -72.352451,42.979374,0
            -72.351996,42.979223,0
            -72.351559,42.979064,0
            -72.351208,42.978951,0
            -72.350831,42.97883,0
            -72.350484,42.978707,0
            -72.350124,42.978575,0
            -72.349711,42.978453,0
            -72.349344,42.978321,0
            -72.348948,42.978157,0
            -72.348695,42.978028,0
            -72.348439,42.977891,0
            -72.348186,42.97773,0
            -72.347997,42.977553,0
            -72.347761,42.977366,0
            -72.347469,42.977165,0
            -72.347236,42.97697,0
            -72.347005,42.976713,0
            -72.346675,42.976413,0
            -72.346476,42.976164,0
            -72.34631,42.975945,0
            -72.346194,42.975718,0
            -72.346044,42.975428,0
            -72.3459,42.975111,0
            -72.34579,42.974791,0
            -72.345641,42.974405,0
            -72.345481,42.973957,0
            -72.345302,42.973506,0
            -72.345046,42.972821,0
            -72.344785,42.972097,0
            -72.344558,42.971494,0
            -72.344316,42.9708,0
            -72.344065,42.970176,0
            -72.343896,42.969718,0
            -72.343733,42.969268,0
            -72.343525,42.968738,0
            -72.343302,42.968154,0
            -72.343087,42.967581,0
            -72.342887,42.967085,0
            -72.342683,42.966727,0
            -72.342456,42.966342,0
            -72.342185,42.965938,0
            -72.341797,42.965449,0
            -72.341463,42.965099,0
            -72.341223,42.964846,0
            -72.340981,42.964564,0
            -72.340719,42.964294,0
            -72.340502,42.964059,0
            -72.340322,42.963819,0
            -72.340111,42.963514,0
            -72.339942,42.963197,0
            -72.339798,42.9629,0
            -72.339711,42.962572,0
            -72.339655,42.962296,0
            -72.339617,42.96197,0
            -72.339613,42.961704,0
            -72.339605,42.961346,0
            -72.339643,42.961073,0
            -72.339725,42.960577,0
            -72.339883,42.959966,0
            -72.340059,42.95928,0
            -72.340189,42.958718,0
            -72.340321,42.958215,0
            -72.340495,42.957543,0
            -72.340641,42.957019,0
            -72.340828,42.95661,0
            -72.341021,42.956229,0
            -72.341274,42.955819,0
            -72.34165,42.955361,0
            -72.342082,42.95494,0
            -72.342618,42.954463,0
            -72.343036,42.954074,0
            -72.343466,42.953687,0
            -72.343764,42.953331,0
            -72.344025,42.952979,0
            -72.344252,42.952568,0
            -72.344431,42.952213,0
            -72.344575,42.95179,0
            -72.344682,42.951362,0
            -72.344739,42.950985,0
            -72.344743,42.950621,0
            -72.344718,42.950239,0
            -72.344651,42.949869,0
            -72.344557,42.949552,0
            -72.344453,42.949228,0
            -72.34428,42.948874,0
            -72.344118,42.948521,0
            -72.343887,42.9481,0
            -72.343635,42.947637,0
            -72.343331,42.947115,0
            -72.343144,42.946733,0
            -72.343064,42.94635,0
            -72.34297,42.94603,0
            -72.342922,42.94567,0
            -72.342893,42.945295,0
            -72.342915,42.944929,0
            -72.342944,42.944543,0
            -72.342991,42.944132,0
            -72.343064,42.943753,0
            -72.343151,42.943317,0
            -72.343242,42.942758,0
            -72.343321,42.942359,0
            -72.343362,42.942027,0
            -72.343401,42.941626,0
            -72.343397,42.941203,0
            -72.343386,42.940792,0
            -72.343367,42.940454,0
            -72.343283,42.9401,0
            -72.343165,42.939682,0
            -72.343053,42.93939,0
            -72.342832,42.938784,0
            -72.342531,42.938148,0
            -72.342235,42.937563,0
            -72.34202,42.937119,0
            -72.341759,42.936636,0
            -72.341464,42.936001,0
            -72.341117,42.935383,0
            -72.340779,42.934939,0
            -72.340385,42.934537,0
            -72.340388,42.934542,0
            -72.340147,42.934292,0
            -72.339902,42.934106,0
            -72.339612,42.933892,0
            -72.339404,42.933743,0
            -72.33911,42.933562,0
            -72.338849,42.933421,0
            -72.338583,42.933286,0
            -72.338238,42.933136,0
            -72.33777,42.932983,0
            -72.337392,42.932846,0
            -72.336984,42.932736,0
            -72.336616,42.932648,0
            -72.33628,42.932599,0
            -72.335846,42.932535,0
            -72.335404,42.932483,0
            -72.334897,42.932461,0
            -72.334446,42.932473,0
            -72.333921,42.932507,0
            -72.333267,42.932588,0
            -72.33273,42.93268,0
            -72.332252,42.932773,0
            -72.331786,42.932896,0
            -72.331422,42.932988,0
            -72.330985,42.933093,0
            -72.330487,42.933193,0
            -72.329993,42.933275,0
            -72.329482,42.933311,0
            -72.328985,42.933336,0
            -72.328519,42.933353,0
            -72.328018,42.933326,0
            -72.327488,42.933277,0
            -72.326956,42.933195,0
            -72.326463,42.933095,0
            -72.325868,42.933026,0
            -72.325332,42.932897,0
            -72.324893,42.93278,0
            -72.324354,42.932633,0
            -72.323798,42.932467,0
            -72.323315,42.932343,0
            -72.322737,42.932224,0
            -72.322274,42.932166,0
            -72.321766,42.932085,0
            -72.321301,42.932035,0
            -72.320922,42.931996,0
            -72.320467,42.931985,0
            -72.319986,42.931969,0
            -72.319379,42.93195,0
            -72.318748,42.93193,0
            -72.317948,42.931921,0
            -72.317491,42.931909,0
            -72.316984,42.931903,0
            -72.316399,42.931887,0
            -72.315912,42.931881,0
            -72.315325,42.931857,0
            -72.314771,42.931832,0
            -72.314148,42.931808,0
            -72.313605,42.931814,0
            -72.313022,42.931819,0
            -72.31237,42.931795,0
            -72.311514,42.931774,0
            -72.310797,42.931748,0
            -72.310134,42.931725,0
            -72.308853,42.931644,0
            -72.308004,42.931626,0
            -72.307172,42.931632,0
            -72.306322,42.931614,0
            -72.305465,42.931591,0
            -72.304458,42.931583,0
            -72.303746,42.931554,0
            -72.302659,42.93152,0
            -72.301434,42.93149,0
            -72.300269,42.931449,0
            -72.299005,42.931419,0
            -72.297746,42.931372,0
            -72.296674,42.931343,0
            -72.295792,42.931308,0
            -72.293929,42.931271,0
            -72.292481,42.93123,0
            -72.291696,42.931213,0
            -72.29059,42.931191,0
            -72.289784,42.931178,0
            -72.288977,42.93116,0
            -72.288001,42.931181,0
            -72.287055,42.931191,0
            -72.286089,42.931235,0
            -72.28517,42.931312,0
            -72.284178,42.931442,0
            -72.283243,42.931556,0
            -72.281986,42.931707,0
            -72.280836,42.931854,0
            -72.27991,42.931992,0
            -72.279043,42.932126,0
            -72.278458,42.932188,0
            -72.278028,42.932213,0
            -72.277647,42.932238,0
            -72.277292,42.932238,0
            -72.276451,42.932163,0
            -72.275839,42.932051,0
            -72.275173,42.931897,0
            -72.274539,42.931692,0
            -72.273986,42.931488,0
            -72.27334,42.931234,0
            -72.272548,42.930847,0
            -72.272094,42.930564,0
            -72.271473,42.930165,0
            -72.271012,42.929867,0
            -72.270595,42.92957,0
            -72.270619,42.929549,0
            -72.264987,42.9262,0
            -72.264002,42.925595,0
            -72.263333,42.925129,0
            -72.262846,42.924756,0
            -72.26232,42.924314,0
            -72.261792,42.923737,0
            -72.261326,42.923129,0
            -72.261013,42.922592,0
            -72.260773,42.922236,0
            -72.260323,42.92149,0
            -72.259863,42.920719,0
            -72.259009,42.919663,0
            -72.257909,42.918488,0
            -72.256977,42.917617,0
            -72.256279,42.916898,0
            -72.255461,42.916142,0
            -72.254574,42.915462,0
            -72.253739,42.914731,0
            -72.253187,42.914272,0
            -72.252825,42.913924,0
            -72.252551,42.913514,0
            -72.252251,42.913182,0
            -72.251898,42.91267,0
            -72.251703,42.912074,0
            -72.251429,42.911458,0
            -72.251321,42.910649,0
            -72.251302,42.909899,0
            -72.251342,42.909255,0
            -72.251485,42.908678,0
            -72.251899,42.907781,0
            -72.252358,42.9069,0
            -72.252712,42.90622,0
            -72.253018,42.905479,0
            -72.253172,42.904691,0
            -72.253262,42.903952,0
            -72.25325,42.902972,0
            -72.25313,42.902007,0
            -72.252845,42.901031,0
            -72.252472,42.900209,0
            -72.252049,42.899413,0
            -72.251542,42.898732,0
            -72.250872,42.897974,0
            -72.249866,42.897058,0
            -72.248533,42.895802,0
            -72.246701,42.894164,0
            -72.245143,42.892761,0
            -72.244256,42.891936,0
            -72.244253,42.891936,0
            -72.243727,42.891508,0
            -72.243304,42.891085,0
            -72.242748,42.890566,0
            -72.242219,42.890088,0
            -72.241693,42.889739,0
            -72.241163,42.889274,0
            -72.240697,42.888878,0
            -72.240356,42.888522,0
            -72.239992,42.888035,0
            -72.239741,42.887614,0
            -72.239481,42.887192,0
            -72.239206,42.886772,0
            -72.238742,42.885977,0
            -72.238367,42.885324,0
            -72.238023,42.884801,0
            -72.237707,42.884363,0
            -72.237346,42.883965,0
            -72.236971,42.883661,0
            -72.236514,42.883383,0
            -72.236075,42.883161,0
            -72.235588,42.882931,0
            -72.235103,42.882741,0
            -72.234448,42.882487,0
            -72.233796,42.882217,0
            -72.23337,42.881982,0
            -72.232903,42.8817,0
            -72.232481,42.881404,0
            -72.232083,42.881107,0
            -72.231806,42.880859,0
            -72.231517,42.880526,0
            -72.231252,42.880191,0
            -72.230999,42.8798,0
            -72.230844,42.879438,0
            -72.230729,42.879122,0
            -72.230678,42.878841,0
            -72.23057,42.878269,0
            -72.230431,42.877797,0
            -72.23029,42.877421,0
            -72.230133,42.87708,0
            -72.229949,42.876775,0
            -72.229681,42.87646,0
            -72.229383,42.876166,0
            -72.229092,42.875954,0
            -72.228737,42.875746,0
            -72.228286,42.875546,0
            -72.227837,42.875397,0
            -72.227009,42.875216,0
            -72.226161,42.875226,0
            -72.225211,42.875243,0
            -72.224114,42.875248,0
            -72.223195,42.875263,0
            -72.221998,42.875222,0
            -72.221125,42.875249,0
            -72.220434,42.875243,0
            -72.219703,42.875183,0
            -72.21879,42.875062,0
            -72.217901,42.874861,0
            -72.217014,42.874678,0
            -72.216106,42.8745,0
            -72.215329,42.874357,0
            -72.21464,42.874186,0
            -72.214196,42.874077,0
            -72.213841,42.873992,0
            -72.21323,42.873689,0
            -72.212868,42.873446,0
            -72.212561,42.873242,0
            -72.212006,42.872857,0
            -72.211543,42.872578,0
            -72.211097,42.872303,0
            -72.210615,42.872027,0
            -72.210115,42.871739,0
            -72.2097,42.871499,0
            -72.209283,42.871291,0
            -72.2089,42.871141,0
            -72.208557,42.870979,0
            -72.208186,42.870778,0
            -72.20783,42.870475,0
            -72.207535,42.870167,0
            -72.207326,42.869815,0
            -72.207162,42.869417,0
            -72.20707,42.868965,0
            -72.207086,42.868493,0
            -72.207075,42.868027,0
            -72.207064,42.867649,0
            -72.207002,42.86727,0
            -72.206889,42.866961,0
            -72.206693,42.866572,0
            -72.206461,42.866215,0
            -72.206193,42.865865,0
            -72.205854,42.865546,0
            -72.205491,42.865235,0
            -72.205145,42.864922,0
            -72.204788,42.864633,0
            -72.204364,42.864285,0
            -72.203972,42.863908,0
            -72.203716,42.863539,0
            -72.203477,42.863107,0
            -72.203262,42.86266,0
            -72.203065,42.862297,0
            -72.202804,42.861935,0
            -72.202555,42.861642,0
            -72.202178,42.861188,0
            -72.201719,42.860626,0
            -72.20124,42.859994,0
            -72.200759,42.859404,0
            -72.20035,42.858903,0
            -72.200117,42.858605,0
            -72.199676,42.858077,0
            -72.199289,42.857596,0
            -72.198946,42.857184,0
            -72.198743,42.856782,0
            -72.198528,42.856382,0
            -72.198367,42.856017,0
            -72.198178,42.855713,0
            -72.197877,42.855294,0
            -72.197531,42.854956,0
            -72.197026,42.854505,0
            -72.196625,42.854121,0
            -72.196303,42.853784,0
            -72.196021,42.853477,0
            -72.195661,42.853114,0
            -72.195264,42.852831,0
            -72.19476,42.852466,0
            -72.194352,42.852174,0
            -72.19387,42.851889,0
            -72.193513,42.851615,0
            -72.193155,42.851372,0
            -72.192756,42.851099,0
            -72.192478,42.850856,0
            -72.192202,42.850649,0
            -72.191916,42.850385,0
            -72.191639,42.850047,0
            -72.191383,42.849582,0
            -72.191167,42.84901,0
            -72.191068,42.848504,0
            -72.190987,42.848029,0
            -72.190883,42.847565,0
            -72.190817,42.847242,0
            -72.19071,42.846957,0
            -72.19062,42.846724,0
            -72.190458,42.84645,0
            -72.190194,42.846094,0
            -72.189865,42.845739,0
            -72.189751,42.84564,0
            -72.189522,42.845457,0
            -72.189234,42.845221,0
            -72.188834,42.844934,0
            -72.188461,42.844629,0
            -72.18814,42.844317,0
            -72.187879,42.844046,0
            -72.18756,42.843718,0
            -72.18725,42.843292,0
            -72.186784,42.842703,0
            -72.186433,42.842176,0
            -72.186088,42.84174,0
            -72.185821,42.841309,0
            -72.1855,42.840626,0
            -72.18533,42.840031,0
            -72.185148,42.839383,0
            -72.185093,42.838602,0
            -72.184972,42.837676,0
            -72.18489,42.836805,0
            -72.18479,42.83595,0
            -72.184743,42.835596,0
            -72.184635,42.835172,0
            -72.184518,42.834683,0
            -72.184324,42.834205,0
            -72.184124,42.83384,0
            -72.183876,42.83338,0
            -72.183644,42.832859,0
            -72.183463,42.83236,0
            -72.183324,42.831771,0
            -72.183268,42.83111,0
            -72.183318,42.830237,0
            -72.183451,42.829601,0
            -72.183675,42.828636,0
            -72.183836,42.827956,0
            -72.184144,42.826235,0
            -72.184367,42.825127,0
            -72.184553,42.824304,0
            -72.184749,42.823202,0
            -72.184936,42.822159,0
            -72.185165,42.820896,0
            -72.185405,42.819596,0
            -72.185556,42.818715,0
            -72.185679,42.817937,0
            -72.185781,42.817171,0
            -72.185819,42.816584,0
            -72.185801,42.81562,0
            -72.185745,42.814653,0
            -72.185741,42.813674,0
            -72.185718,42.812784,0
            -72.185704,42.811948,0
            -72.185703,42.811363,0
            -72.185676,42.810393,0
            -72.18565,42.809741,0
            -72.185595,42.809166,0
            -72.185446,42.808577,0
            -72.185329,42.807876,0
            -72.184918,42.806078,0
            -72.184594,42.804503,0
            -72.184294,42.803178,0
            -72.183856,42.801151,0
            -72.183673,42.80021,0
            -72.183503,42.799384,0
            -72.183396,42.798804,0
            -72.183133,42.797515,0
            -72.182918,42.796534,0
            -72.182783,42.795884,0
            -72.182552,42.794747,0
            -72.182352,42.79383,0
            -72.182148,42.792926,0
            -72.181888,42.791884,0
            -72.181607,42.791125,0
            -72.181268,42.79049,0
            -72.181052,42.790075,0
            -72.180759,42.789649,0
            -72.180384,42.789112,0
            -72.17996,42.78851,0
            -72.179649,42.788054,0
            -72.179453,42.787779,0
            -72.178895,42.787043,0
            -72.178447,42.786336,0
            -72.177999,42.785736,0
            -72.177611,42.785184,0
            -72.177294,42.784751,0
            -72.176815,42.784057,0
            -72.176353,42.783386,0
            -72.175938,42.782803,0
            -72.175587,42.782314,0
            -72.175403,42.782039,0
            -72.175112,42.781511,0
            -72.174845,42.781031,0
            -72.174692,42.780669,0
            -72.174567,42.780191,0
            -72.17449,42.779786,0
            -72.174422,42.779441,0
            -72.174407,42.779435,0
            -72.174363,42.77906,0
            -72.174354,42.778769,0
            -72.17434,42.778544,0
            -72.174333,42.77835,0
            -72.17434,42.778195,0
            -72.174365,42.778056,0
            -72.174381,42.777854,0
            -72.174432,42.777575,0
            -72.174476,42.777381,0
            -72.174494,42.777225,0
            -72.174539,42.776977,0
            -72.174581,42.776705,0
            -72.174635,42.776427,0
            -72.174684,42.776178,0
            -72.174745,42.775852,0
            -72.174788,42.775569,0
            -72.174828,42.775249,0
            -72.174882,42.774957,0
            -72.174949,42.774614,0
            -72.175027,42.774177,0
            -72.175069,42.773886,0
            -72.175118,42.773638,0
            -72.175157,42.773421,0
            -72.175198,42.773221,0
            -72.175236,42.773008,0
            -72.175253,42.772798,0
            -72.175251,42.772579,0
            -72.175223,42.772418,0
            -72.175207,42.772247,0
            -72.175183,42.77212,0
            -72.175153,42.772017,0
            -72.175116,42.771889,0
            -72.175071,42.771725,0
            -72.174991,42.771546,0
            -72.174904,42.771353,0
            -72.174808,42.771205,0
            -72.1747,42.771058,0
            -72.174588,42.770909,0
            -72.174468,42.770783,0
            -72.174293,42.77061,0
            -72.174119,42.77045,0
            -72.173966,42.770311,0
            -72.173824,42.77018,0
            -72.1737,42.770053,0
            -72.173589,42.769946,0
            -72.1735,42.769839,0
            -72.173392,42.769754,0
            -72.173298,42.769646,0
            -72.173196,42.769539,0
            -72.173075,42.769424,0
            -72.172956,42.769289,0
            -72.172853,42.769183,0
            -72.172698,42.769018,0
            -72.172517,42.768839,0
            -72.172332,42.768658,0
            -72.172168,42.76853,0
            -72.172009,42.768385,0
            -72.171858,42.768248,0
            -72.171659,42.768064,0
            -72.171478,42.767918,0
            -72.171331,42.767777,0
            -72.171145,42.767642,0
            -72.170954,42.767507,0
            -72.17074,42.767333,0
            -72.170499,42.76718,0
            -72.170207,42.767011,0
            -72.169925,42.766837,0
            -72.169712,42.766686,0
            -72.169418,42.766502,0
            -72.169157,42.766349,0
            -72.168873,42.766159,0
            -72.168669,42.76605,0
            -72.168425,42.765901,0
            -72.16816,42.765747,0
            -72.167892,42.765595,0
            -72.167634,42.765427,0
            -72.167436,42.765276,0
            -72.167238,42.765166,0
            -72.16703,42.765048,0
            -72.167019,42.765023,0
            -72.166459,42.764664,0
            -72.165867,42.764272,0
            -72.165393,42.763976,0
            -72.164958,42.763698,0
            -72.164586,42.763478,0
            -72.164261,42.763323,0
            -72.163891,42.763176,0
            -72.163432,42.763072,0
            -72.162907,42.762994,0
            -72.162319,42.762912,0
            -72.161742,42.762846,0
            -72.161227,42.762837,0
            -72.16073,42.762851,0
            -72.160025,42.762955,0
            -72.159239,42.763085,0
            -72.158522,42.763191,0
            -72.158011,42.76329,0
            -72.157386,42.76337,0
            -72.156684,42.763481,0
            -72.155832,42.763609,0
            -72.154908,42.763769,0
            -72.153678,42.763959,0
            -72.152743,42.764104,0
            -72.151655,42.764291,0
            -72.151092,42.764429,0
            -72.150324,42.764534,0
            -72.149403,42.764683,0
            -72.148308,42.764898,0
            -72.14733,42.765064,0
            -72.146501,42.765216,0
            -72.145503,42.765377,0
            -72.144679,42.765542,0
            -72.143639,42.765693,0
            -72.142579,42.765879,0
            -72.141716,42.765976,0
            -72.141183,42.766029,0
            -72.140626,42.766006,0
            -72.139925,42.765924,0
            -72.139029,42.76575,0
            -72.138526,42.765635,0
            -72.137785,42.765373,0
            -72.137091,42.765065,0
            -72.136633,42.764817,0
            -72.136223,42.764534,0
            -72.13571,42.764178,0
            -72.135306,42.763843,0
            -72.135021,42.763497,0
            -72.134695,42.763114,0
            -72.134424,42.762769,0
            -72.134202,42.762544,0
            -72.133958,42.762155,0
            -72.133707,42.761836,0
            -72.133273,42.761285,0
            -72.132884,42.760788,0
            -72.132556,42.760381,0
            -72.13227,42.759995,0
            -72.131795,42.759386,0
            -72.131362,42.758834,0
            -72.130946,42.758345,0
            -72.130622,42.757876,0
            -72.130273,42.757466,0
            -72.12998,42.757096,0
            -72.129585,42.756607,0
            -72.129205,42.756103,0
            -72.12881,42.755598,0
            -72.128516,42.755131,0
            -72.12832,42.754741,0
            -72.128108,42.754342,0
            -72.127939,42.75395,0
            -72.127794,42.753538,0
            -72.127726,42.75312,0
            -72.127608,42.752629,0
            -72.127604,42.752053,0
            -72.127632,42.751586,0
            -72.127628,42.751162,0
            -72.127595,42.750579,0
            -72.127593,42.749899,0
            -72.127613,42.749163,0
            -72.12761,42.748638,0
            -72.127638,42.747969,0
            -72.127642,42.747276,0
            -72.127646,42.746702,0
            -72.127656,42.746098,0
            -72.127674,42.745373,0
            -72.127657,42.744745,0
            -72.127673,42.744219,0
            -72.127709,42.743711,0
            -72.127749,42.743097,0
            -72.127833,42.742561,0
            -72.127909,42.74186,0
            -72.128013,42.741309,0
            -72.128086,42.740703,0
            -72.128147,42.740285,0
            -72.128146,42.739848,0
            -72.12808,42.739443,0
            -72.127995,42.739058,0
            -72.127796,42.738549,0
            -72.127568,42.738103,0
            -72.127322,42.737751,0
            -72.127017,42.737418,0
            -72.126628,42.737076,0
            -72.126303,42.736807,0
            -72.125989,42.736561,0
            -72.125631,42.736344,0
            -72.125227,42.736133,0
            -72.1249,42.735988,0
            -72.124394,42.735775,0
            -72.123795,42.735495,0
            -72.123245,42.735263,0
            -72.122712,42.735043,0
            -72.122155,42.734796,0
            -72.121529,42.734535,0
            -72.120993,42.73433,0
            -72.120307,42.734033,0
            -72.119674,42.733778,0
            -72.11907,42.733524,0
            -72.118529,42.733289,0
            -72.117912,42.73305,0
            -72.117146,42.732699,0
            -72.11642,42.732403,0
            -72.115668,42.732087,0
            -72.115011,42.731816,0
            -72.11417,42.731453,0
            -72.113241,42.731066,0
            -72.112543,42.730756,0
            -72.111814,42.730461,0
            -72.11109,42.730162,0
            -72.110469,42.729873,0
            -72.109833,42.729626,0
            -72.109235,42.729393,0
            -72.108575,42.729122,0
            -72.10781,42.728796,0
            -72.10708,42.728514,0
            -72.106334,42.728179,0
            -72.105685,42.727921,0
            -72.105019,42.727623,0
            -72.104445,42.72738,0
            -72.103969,42.727186,0
            -72.103401,42.726961,0
            -72.102966,42.726799,0
            -72.102478,42.726573,0
            -72.101865,42.726289,0
            -72.101151,42.725997,0
            -72.100554,42.725758,0
            -72.099882,42.725472,0
            -72.099177,42.725174,0
            -72.098592,42.724924,0
            -72.097869,42.724627,0
            -72.097337,42.724383,0
            -72.096796,42.724192,0
            -72.09616,42.723901,0
            -72.095363,42.723556,0
            -72.094861,42.723343,0
            -72.094205,42.723076,0
            -72.093532,42.722806,0
            -72.093,42.72259,0
            -72.092372,42.722286,0
            -72.091805,42.722053,0
            -72.091248,42.721825,0
            -72.09054,42.721545,0
            -72.089877,42.721254,0
            -72.089296,42.720988,0
            -72.088407,42.720609,0
            -72.087411,42.720171,0
            -72.086621,42.71983,0
            -72.085665,42.719422,0
            -72.085226,42.719272,0
            -72.084783,42.719091,0
            -72.084233,42.718874,0
            -72.083674,42.718644,0
            -72.083038,42.718407,0
            -72.082556,42.718161,0
            -72.081797,42.717854,0
            -72.081152,42.717579,0
            -72.080445,42.717304,0
            -72.079853,42.717064,0
            -72.079074,42.716765,0
            -72.078302,42.716477,0
            -72.077545,42.716153,0
            -72.076971,42.715915,0
            -72.07647,42.715719,0
            -72.075803,42.7154,0
            -72.075155,42.715128,0
            -72.074433,42.714857,0
            -72.073874,42.714618,0
            -72.073347,42.714403,0
            -72.072858,42.71419,0
            -72.072176,42.713883,0
            -72.071741,42.713746,0
            -72.071168,42.713472,0
            -72.070624,42.713172,0
            -72.070041,42.712825,0
            -72.069544,42.712503,0
            -72.068997,42.712138,0
            -72.068581,42.71183,0
            -72.068264,42.711547,0
            -72.067909,42.711232,0
            -72.067602,42.710929,0
            -72.067197,42.710475,0
            -72.06672,42.709924,0
            -72.066341,42.709495,0
            -72.065916,42.709049,0
            -72.065405,42.708473,0
            -72.064921,42.707928,0
            -72.064423,42.707382,0
            -72.064015,42.706932,0
            -72.063644,42.706513,0
            -72.063244,42.706082,0
            -72.062731,42.705507,0
            -72.062312,42.705008,0
            -72.061862,42.704503,0
            -72.061522,42.704159,0
            -72.061074,42.703601,0
            -72.060637,42.703091,0
            -72.060061,42.702447,0
            -72.059476,42.701844,0
            -72.059057,42.70136,0
            -72.058547,42.700768,0
            -72.058113,42.700292,0
            -72.057566,42.699688,0
            -72.056954,42.699009,0
            -72.056219,42.698235,0
            -72.055745,42.697728,0
            -72.055461,42.697303,0
            -72.054703,42.696467,0
            -72.053973,42.695678,0
            -72.053366,42.694919,0
            -72.052775,42.694287,0
            -72.052364,42.693843,0
            -72.052019,42.693469,0
            -72.051307,42.692687,0
            -72.050807,42.692144,0
            -72.050464,42.691737,0
            -72.050165,42.691373,0
            -72.04968,42.690784,0
            -72.049132,42.690151,0
            -72.048543,42.689625,0
            -72.048094,42.689216,0
            -72.047676,42.688742,0
            -72.047344,42.688397,0
            -72.046914,42.687976,0
          </coordinates>
        </LineString>
      </Placemark>
      <Placemark>
        <name>Claremon-Concord RR</name>
        <description><![CDATA[Needs more detail.  WTF has happened to Google Maps??  Looks like they've broken it again.  This line can not be extended!]]></description>
        <styleUrl>#line-0000FF-5000</styleUrl>
        <LineString>
          <tessellate>1</tessellate>
          <coordinates>
            -72.37776,43.370463,0
            -72.377781,43.369956,0
            -72.377674,43.369644,0
            -72.377524,43.369223,0
            -72.377374,43.36895,0
            -72.376869,43.36863,0
            -72.376247,43.368435,0
            -72.375646,43.368318,0
            -72.37467,43.368201,0
            -72.373758,43.368092,0
            -72.372674,43.367959,0
            -72.37173,43.367866,0
            -72.370411,43.36778,0
            -72.369305,43.367796,0
            -72.368233,43.367827,0
            -72.367417,43.36785,0
            -72.366269,43.367835,0
            -72.365035,43.367967,0
            -72.363973,43.368248,0
            -72.363051,43.368412,0
            -72.362096,43.368638,0
            -72.36128,43.368755,0
            -72.360497,43.368724,0
            -72.359961,43.368575,0
            -72.359092,43.368225,0
            -72.358233,43.367866,0
            -72.357439,43.367577,0
            -72.356549,43.367289,0
            -72.355626,43.367172,0
            -72.354961,43.367101,0
            -72.35421,43.367,0
            -72.35332,43.366992,0
            -72.352515,43.366938,0
            -72.35186,43.366719,0
            -72.351184,43.366477,0
            -72.350337,43.366189,0
            -72.349522,43.36608,0
            -72.348685,43.366095,0
            -72.347741,43.36636,0
            -72.346882,43.366743,0
            -72.346185,43.367031,0
            -72.345498,43.367343,0
          </coordinates>
        </LineString>
      </Placemark>
      <Placemark>
        <name>New Hampshire Central</name>
        <description>Manchester to Henniker.  Needs to be done in more detail.  See the Rail Lines of Northern New England, Robert M. Lindsell, #22.</description>
        <styleUrl>#line-097138-3713</styleUrl>
        <LineString>
          <tessellate>1</tessellate>
          <coordinates>
            -71.46594,42.97926,0
            -71.46642,42.97879,0
            -71.46692,42.97855,0
            -71.46776,42.97848,0
            -71.46833,42.97861,0
            -71.47277,42.98047,0
            -71.47954,42.98346,0
            -71.48039,42.9839,0
            -71.48142,42.98464,0
            -71.48214,42.98526,0
            -71.48483,42.98776,0
            -71.48586,42.98853,0
            -71.49393,42.99398,0
            -71.4946,42.99437,0
            -71.50046,42.99723,0
            -71.50105,42.99746,0
            -71.50311,42.99794,0
            -71.50416,42.99823,0
            -71.50648,42.99925,0
            -71.50729,42.99967,0
            -71.5111,43.0021,0
            -71.51239,43.00268,0
            -71.51399,43.00313,0
            -71.51618,43.00349,0
            -71.51722,43.0038,0
            -71.51781,43.00405,0
            -71.51865,43.00458,0
            -71.51908,43.00493,0
            -71.51977,43.00575,0
            -71.52135,43.00746,0
            -71.52263,43.00812,0
            -71.52333,43.00839,0
            -71.5241,43.00857,0
            -71.52458,43.00861,0
            -71.52916,43.00875,0
            -71.53035,43.0089,0
            -71.53355,43.00949,0
            -71.53929,43.01065,0
            -71.54082,43.01089,0
            -71.54209,43.01102,0
            -71.5457,43.01153,0
            -71.54788,43.01177,0
            -71.54877,43.01191,0
            -71.5506,43.01238,0
            -71.55305,43.01312,0
            -71.55378,43.01345,0
            -71.55567,43.01414,0
            -71.55641,43.01434,0
            -71.55735,43.0145,0
            -71.55794,43.01456,0
            -71.56177,43.01468,0
            -71.56603,43.01493,0
            -71.56742,43.01493,0
            -71.56862,43.01488,0
            -71.5736,43.01428,0
            -71.57648,43.01434,0
            -71.58,43.01471,0
            -71.5813,43.0148,0
            -71.58607,43.01527,0
            -71.58892,43.01546,0
            -71.59063,43.01576,0
            -71.5927,43.01638,0
            -71.59572,43.01718,0
            -71.60094,43.01869,0
            -71.60148,43.01882,0
            -71.603504,43.019741,0
            -71.605715,43.020572,0
            -71.607517,43.021263,0
            -71.609083,43.021922,0
            -71.611615,43.02269,0
            -71.613761,43.023255,0
            -71.614963,43.023584,0
            -71.616272,43.023851,0
            -71.618246,43.024196,0
            -71.620045,43.024557,0
            -71.621397,43.024839,0
            -71.622534,43.025059,0
            -71.623735,43.025232,0
            -71.625409,43.025373,0
            -71.627104,43.025514,0
            -71.63009,43.025796,0
            -71.632365,43.025969,0
            -71.634403,43.026518,0
            -71.63612,43.027161,0
            -71.63803,43.027914,0
            -71.639596,43.028683,0
            -71.641055,43.029592,0
            -71.643158,43.03138,0
            -71.643845,43.032259,0
            -71.644124,43.034251,0
            -71.64436,43.03687,0
            -71.645004,43.038093,0
            -71.646227,43.040258,0
            -71.64745,43.042924,0
            -71.649746,43.045903,0
            -71.650625,43.048349,0
            -71.651376,43.051015,0
            -71.651484,43.052348,0
            -71.651312,43.054402,0
            -71.65099,43.056315,0
            -71.650604,43.059262,0
            -71.650239,43.0613,0
            -71.64981,43.063668,0
            -71.64966,43.06489,0
            -71.649703,43.06605,0
            -71.650025,43.067696,0
            -71.650668,43.070361,0
            -71.651548,43.073653,0
            -71.652492,43.077101,0
            -71.653093,43.079076,0
            -71.654338,43.081678,0
            -71.655582,43.084264,0
            -71.657985,43.088824,0
            -71.66014,43.090775,0
            -71.662039,43.094966,0
            -71.662715,43.096251,0
            -71.663198,43.096807,0
            -71.664646,43.098288,0
            -71.666631,43.100333,0
            -71.667801,43.101531,0
            -71.668476,43.102158,0
            -71.66941,43.102683,0
            -71.670493,43.103176,0
            -71.671513,43.10345,0
            -71.672371,43.103678,0
            -71.673498,43.104234,0
            -71.674635,43.104719,0
            -71.675407,43.104986,0
            -71.676276,43.105221,0
            -71.676942,43.105291,0
            -71.677671,43.105236,0
            -71.679216,43.104868,0
            -71.681426,43.104273,0
            -71.686136,43.103082,0
            -71.687552,43.102738,0
            -71.689205,43.102526,0
            -71.6909,43.102503,0
            -71.692359,43.102628,0
            -71.69385,43.103004,0
            -71.695309,43.103435,0
            -71.696618,43.103881,0
            -71.697809,43.104242,0
            -71.698946,43.104461,0
            -71.701897,43.104939,0
            -71.703946,43.105299,0
            -71.706006,43.105722,0
            -71.707154,43.105965,0
            -71.708141,43.106341,0
            -71.709031,43.106803,0
            -71.724257,43.112638,0
            -71.730609,43.115583,0
            -71.736789,43.124417,0
            -71.740994,43.13137,0
            -71.748548,43.139137,0
            -71.75138,43.143082,0
            -71.754384,43.145274,0
            -71.758504,43.145399,0
            -71.763139,43.145963,0
            -71.768031,43.149094,0
            -71.769404,43.151035,0
            -71.772065,43.154479,0
            -71.774125,43.158173,0
            -71.775155,43.160427,0
            -71.777043,43.16218,0
            -71.781077,43.164121,0
            -71.787171,43.166562,0
            -71.790261,43.167877,0
            -71.795154,43.170882,0
            -71.798415,43.17276,0
            -71.800561,43.173636,0
            -71.802971,43.174356,0
            -71.804452,43.174622,0
            -71.805911,43.174841,0
            -71.807821,43.175201,0
            -71.809688,43.175639,0
            -71.811984,43.176547,0
            -71.814923,43.17783,0
          </coordinates>
        </LineString>
      </Placemark>
    </Folder>
    <Folder>
      <name>ME - NE</name>
      <Placemark>
        <name>Somerset Railroad Bingham Branch</name>
        <description><![CDATA[K325<br>Bingham branch]]></description>
        <styleUrl>#line-0000FF-5000</styleUrl>
        <LineString>
          <tessellate>1</tessellate>
          <coordinates>
            -69.866062,45.041881,0
            -69.866256,45.042593,0
            -69.866567,45.043313,0
            -69.867007,45.044102,0
            -69.867661,45.044761,0
            -69.868562,45.045527,0
            -69.86941,45.046285,0
            -69.870483,45.047195,0
            -69.871373,45.047945,0
            -69.872199,45.048567,0
            -69.873025,45.04899,0
            -69.873894,45.04946,0
            -69.874785,45.04984,0
            -69.876094,45.050439,0
            -69.877596,45.051136,0
            -69.879688,45.051993,0
            -69.881094,45.052561,0
            -69.88266,45.053175,0
            -69.883904,45.053645,0
            -69.884838,45.054251,0
            -69.885525,45.055123,0
            -69.885921,45.055941,0
          </coordinates>
        </LineString>
      </Placemark>
      <Placemark>
        <name>Somerset Railroad</name>
        <description><![CDATA[Oakland to Madison. Abandoned 2013. Formerly part of PanAm Railways. Madison to North Anson. Abandoned (Pan Am Railways) on or before 2013. K325<br>North Anson to Solon Solon to Bingham K78<br>Bingham (Austin Jct) to MOW<br>Rockwood (for Mt. Kineo) K78<br>MOW to Rockwood (for Mt. Kineo)<br>Very approximate north of Bingham]]></description>
        <styleUrl>#line-0000FF-5000</styleUrl>
        <LineString>
          <tessellate>1</tessellate>
          <coordinates>
            -69.716722,44.549029,0
            -69.71522,44.550122,0
            -69.714471,44.550755,0
            -69.713788,44.551365,0
            -69.713512,44.551707,0
            -69.71327,44.552072,0
            -69.712741,44.552901,0
            -69.711529,44.554671,0
            -69.710923,44.55566,0
            -69.710295,44.556644,0
            -69.70923,44.558391,0
            -69.709072,44.558655,0
            -69.708913,44.558858,0
            -69.708505,44.55931,0
            -69.708013,44.559829,0
            -69.707495,44.560332,0
            -69.705419,44.562327,0
            -69.703995,44.563736,0
            -69.702835,44.564765,0
            -69.702644,44.564943,0
            -69.702495,44.565118,0
            -69.702148,44.565588,0
            -69.701838,44.566056,0
            -69.701559,44.566538,0
            -69.701355,44.567009,0
            -69.701019,44.568009,0
            -69.700778,44.568762,0
            -69.700714,44.569069,0
            -69.700583,44.570449,0
            -69.700666,44.571754,0
            -69.70084,44.573024,0
            -69.701001,44.574259,0
            -69.701169,44.575484,0
            -69.701329,44.576364,0
            -69.701536,44.57702,0
            -69.701809,44.577652,0
            -69.702407,44.578661,0
            -69.702986,44.579681,0
            -69.70406,44.581612,0
            -69.70485,44.583025,0
            -69.705628,44.584396,0
            -69.707404,44.586904,0
            -69.70834,44.588171,0
            -69.709244,44.589366,0
            -69.711263,44.592128,0
            -69.712314,44.593549,0
            -69.712841,44.594258,0
            -69.713324,44.594917,0
            -69.71919,44.602866,0
            -69.722054,44.606759,0
            -69.7235,44.608698,0
            -69.724233,44.609691,0
            -69.7249,44.610596,0
            -69.727966,44.614315,0
            -69.728631,44.615331,0
            -69.728994,44.615989,0
            -69.729299,44.616635,0
            -69.729811,44.61796,0
            -69.730991,44.621135,0
            -69.731463,44.622336,0
            -69.731636,44.622724,0
            -69.731809,44.623071,0
            -69.732177,44.623734,0
            -69.733024,44.625209,0
            -69.733893,44.626709,0
            -69.734725,44.62819,0
            -69.735363,44.629691,0
            -69.735948,44.631191,0
            -69.736272,44.632136,0
            -69.736527,44.633016,0
            -69.737128,44.635478,0
            -69.737215,44.635958,0
            -69.737254,44.636427,0
            -69.73728,44.636916,0
            -69.737257,44.637364,0
            -69.73708,44.63837,0
            -69.73694,44.639144,0
            -69.736679,44.640587,0
            -69.736599,44.641068,0
            -69.736546,44.6415,0
            -69.736565,44.641896,0
            -69.7366,44.642242,0
            -69.736653,44.642525,0
            -69.736718,44.642755,0
            -69.736894,44.643206,0
            -69.73707,44.643557,0
            -69.737228,44.643824,0
            -69.737386,44.644061,0
            -69.738045,44.644787,0
            -69.738705,44.645375,0
            -69.740628,44.64711,0
            -69.742434,44.648721,0
            -69.744239,44.650353,0
            -69.745969,44.651947,0
            -69.750475,44.655977,0
            -69.751222,44.656491,0
            -69.751947,44.656944,0
            -69.753551,44.657742,0
            -69.754521,44.658224,0
            -69.75496,44.658459,0
            -69.755324,44.658694,0
            -69.755617,44.658894,0
            -69.755851,44.659095,0
            -69.756061,44.659287,0
            -69.756201,44.659465,0
            -69.756373,44.659689,0
            -69.756523,44.659905,0
            -69.756824,44.660373,0
            -69.757686,44.661844,0
            -69.758567,44.663311,0
            -69.760259,44.666111,0
            -69.761324,44.667761,0
            -69.762062,44.668526,0
            -69.762706,44.66911,0
            -69.763285,44.669634,0
            -69.764505,44.670745,0
            -69.765586,44.671721,0
            -69.765982,44.672132,0
            -69.766297,44.672551,0
            -69.76658,44.673014,0
            -69.766783,44.673467,0
            -69.768577,44.677439,0
            -69.769474,44.679441,0
            -69.770344,44.681388,0
            -69.77293,44.687168,0
            -69.774223,44.690044,0
            -69.774864,44.691477,0
            -69.775502,44.69288,0
            -69.776815,44.695771,0
            -69.777483,44.697302,0
            -69.778115,44.698709,0
            -69.779778,44.702427,0
            -69.780348,44.703701,0
            -69.780931,44.704983,0
            -69.781343,44.705678,0
            -69.781787,44.706251,0
            -69.781979,44.706458,0
            -69.782172,44.706639,0
            -69.7826,44.706989,0
            -69.783145,44.707326,0
            -69.783424,44.707489,0
            -69.783697,44.707629,0
            -69.785164,44.708281,0
            -69.786588,44.708906,0
            -69.786958,44.709097,0
            -69.787291,44.709284,0
            -69.787613,44.709492,0
            -69.787897,44.709692,0
            -69.788378,44.710107,0
            -69.788785,44.710504,0
            -69.789571,44.711327,0
            -69.791287,44.713096,0
            -69.791554,44.713362,0
            -69.791826,44.713597,0
            -69.792135,44.71382,0
            -69.792449,44.713996,0
            -69.792734,44.71413,0
            -69.793045,44.714242,0
            -69.793707,44.714427,0
            -69.796735,44.715138,0
            -69.797072,44.715236,0
            -69.797372,44.715342,0
            -69.798004,44.715608,0
            -69.798972,44.716222,0
            -69.800334,44.717226,0
            -69.800676,44.717492,0
            -69.800875,44.717629,0
            -69.801058,44.717735,0
            -69.801376,44.717889,0
            -69.801681,44.718016,0
            -69.801899,44.718095,0
            -69.802184,44.718174,0
            -69.802829,44.718317,0
            -69.803866,44.718539,0
            -69.804133,44.718605,0
            -69.804362,44.718674,0
            -69.804603,44.718752,0
            -69.804838,44.718845,0
            -69.805291,44.71906,0
            -69.805696,44.719283,0
            -69.806444,44.719794,0
            -69.808484,44.721389,0
            -69.810599,44.723007,0
            -69.81274,44.724655,0
            -69.814813,44.726239,0
            -69.81539,44.726689,0
            -69.815882,44.727135,0
            -69.816792,44.728032,0
            -69.818395,44.729697,0
            -69.819231,44.730536,0
            -69.82004,44.731361,0
            -69.826839,44.737866,0
            -69.830252,44.741099,0
            -69.833655,44.744302,0
            -69.83549,44.746024,0
            -69.835704,44.746152,0
            -69.835918,44.746266,0
            -69.836129,44.746375,0
            -69.836335,44.746473,0
            -69.836807,44.746682,0
            -69.837327,44.746897,0
            -69.838577,44.74739,0
            -69.841805,44.748661,0
            -69.844964,44.749902,0
            -69.846946,44.750691,0
            -69.848888,44.751455,0
            -69.851224,44.752375,0
            -69.852112,44.752769,0
            -69.852548,44.752999,0
            -69.852914,44.753209,0
            -69.853285,44.753439,0
            -69.853619,44.75366,0
            -69.854303,44.754197,0
            -69.854789,44.754642,0
            -69.855984,44.7559,0
            -69.856604,44.75653,0
            -69.857149,44.757129,0
            -69.858351,44.758389,0
            -69.858946,44.758922,0
            -69.859606,44.759414,0
            -69.861472,44.760553,0
            -69.863327,44.76167,0
            -69.864888,44.762588,0
            -69.866084,44.76326,0
            -69.866744,44.763603,0
            -69.867333,44.763873,0
            -69.867917,44.76412,0
            -69.869085,44.764584,0
            -69.871239,44.765399,0
            -69.871657,44.765611,0
            -69.871984,44.765827,0
            -69.872302,44.766056,0
            -69.872546,44.766275,0
            -69.872743,44.766477,0
            -69.87292,44.76675,0
            -69.873192,44.767296,0
            -69.873669,44.768218,0
            -69.873823,44.768423,0
            -69.873982,44.768602,0
            -69.874154,44.768762,0
            -69.874321,44.768888,0
            -69.874577,44.769089,0
            -69.874887,44.769272,0
            -69.875216,44.769437,0
            -69.875533,44.769572,0
            -69.876006,44.76971,0
            -69.876478,44.769832,0
            -69.877443,44.770051,0
            -69.879517,44.770539,0
            -69.879891,44.770664,0
            -69.880249,44.770804,0
            -69.880596,44.77097,0
            -69.880917,44.771146,0
            -69.881418,44.771495,0
            -69.881839,44.771851,0
            -69.88226,44.772312,0
            -69.882572,44.772801,0
            -69.883091,44.774057,0
            -69.883618,44.775387,0
            -69.884629,44.777928,0
            -69.885487,44.78,0
            -69.886195,44.781843,0
            -69.88641,44.783274,0
            -69.886582,44.784965,0
            -69.886689,44.786214,0
            -69.886775,44.787128,0
            -69.886734,44.7876,0
            -69.886675,44.787971,0
            -69.886614,44.788185,0
            -69.886569,44.788341,0
            -69.886495,44.788587,0
            -69.88641,44.788822,0
            -69.886292,44.789094,0
            -69.886162,44.789337,0
            -69.886047,44.789542,0
            -69.885932,44.789724,0
            -69.885688,44.790068,0
            -69.885377,44.790455,0
            -69.885042,44.790803,0
            -69.884685,44.791133,0
            -69.883937,44.791708,0
            -69.883622,44.791987,0
            -69.88336,44.79226,0
            -69.883107,44.792595,0
            -69.882955,44.792914,0
            -69.882851,44.793297,0
            -69.882784,44.79366,0
            -69.882751,44.794022,0
            -69.8828,44.794391,0
            -69.882918,44.794733,0
            -69.883057,44.795021,0
            -69.88332,44.79539,0
            -69.883631,44.795735,0
            -69.884355,44.796445,0
            -69.884531,44.796684,0
            -69.884674,44.796904,0
            -69.88479,44.797106,0
            -69.884873,44.797309,0
            -69.884965,44.797682,0
            -69.885052,44.798123,0
            -69.885095,44.798595,0
            -69.885246,44.799075,0
            -69.885396,44.799486,0
            -69.885632,44.799753,0
            -69.885879,44.800019,0
            -69.886383,44.800499,0
            -69.887037,44.801123,0
            -69.887499,44.801587,0
            -69.887949,44.802006,0
            -69.888335,44.802615,0
            -69.888765,44.803338,0
            -69.88929,44.80413,0
            -69.889816,44.804891,0
            -69.890363,44.805744,0
            -69.890835,44.806383,0
            -69.891382,44.807266,0
            -69.892037,44.808286,0
            -69.892831,44.809428,0
            -69.89326,44.810136,0
            -69.893517,44.810775,0
            -69.893721,44.811567,0
            -69.89385,44.812427,0
            -69.893829,44.813264,0
            -69.893743,44.813941,0
            -69.893582,44.814565,0
            -69.89326,44.815357,0
            -69.892895,44.816323,0
            -69.892498,44.817298,0
            -69.892048,44.818409,0
            -69.891415,44.820037,0
            -69.890792,44.82159,0
            -69.890224,44.823097,0
            -69.889644,44.824603,0
            -69.888936,44.826331,0
            -69.888196,44.828134,0
            -69.88781,44.829146,0
            -69.887692,44.830143,0
            -69.887788,44.831086,0
            -69.88811,44.832007,0
            -69.888647,44.83276,0
            -69.889355,44.833765,0
            -69.890245,44.835012,0
            -69.890932,44.835956,0
            -69.891994,44.837432,0
            -69.893378,44.839364,0
            -69.894869,44.84135,0
            -69.896736,44.84386,0
            -69.898206,44.845998,0
            -69.900094,44.848561,0
            -69.901682,44.850759,0
            -69.902101,44.851406,0
            -69.902261,44.851801,0
            -69.902261,44.851816,0
            -69.902433,44.852364,0
            -69.90253,44.85317,0
            -69.902465,44.854015,0
            -69.902369,44.854851,0
            -69.902208,44.855597,0
            -69.90194,44.856448,0
            -69.901586,44.857156,0
            -69.901114,44.857726,0
            -69.900405,44.858365,0
            -69.899783,44.858791,0
            -69.898925,44.859232,0
            -69.897852,44.859779,0
            -69.896382,44.860479,0
            -69.894762,44.86127,0
            -69.893035,44.862015,0
            -69.891404,44.862601,0
            -69.889848,44.863019,0
            -69.887874,44.863414,0
            -69.885353,44.863833,0
            -69.880933,44.86454,0
            -69.878744,44.86489,0
            -69.877414,44.865163,0
            -69.876212,44.865597,0
            -69.875289,44.866091,0
            -69.874173,44.866798,0
            -69.873229,44.867369,0
            -69.872221,44.868106,0
            -69.871362,44.868935,0
            -69.870805,44.869749,0
            -69.870526,44.870539,0
            -69.870408,44.871475,0
            -69.870526,44.872387,0
            -69.870762,44.873687,0
            -69.871137,44.875474,0
            -69.871416,44.877048,0
            -69.871577,44.87777,0
            -69.871641,44.87891,0
            -69.871781,44.880514,0
            -69.871953,44.882111,0
            -69.872028,44.883517,0
            -69.872146,44.885091,0
            -69.872253,44.886398,0
            -69.872221,44.887797,0
            -69.872113,44.888854,0
            -69.871738,44.889826,0
            -69.871083,44.890845,0
            -69.870311,44.892076,0
            -69.869635,44.893133,0
            -69.86912,44.893832,0
            -69.868627,44.894752,0
            -69.868273,44.895679,0
            -69.868197,44.896553,0
            -69.868219,44.897556,0
            -69.868208,44.898711,0
            -69.868219,44.899904,0
            -69.868219,44.901234,0
            -69.86823,44.902754,0
            -69.868251,44.904039,0
            -69.868262,44.905277,0
            -69.868262,44.906698,0
            -69.868262,44.908074,0
            -69.868283,44.909707,0
            -69.86823,44.911607,0
            -69.86823,44.913696,0
            -69.868305,44.914806,0
            -69.868584,44.916044,0
            -69.868916,44.91713,0
            -69.869528,44.918589,0
            -69.869978,44.919972,0
            -69.870858,44.922312,0
            -69.871759,44.924598,0
            -69.872468,44.926528,0
            -69.873326,44.928715,0
            -69.873809,44.929923,0
            -69.874227,44.931115,0
            -69.874431,44.932126,0
            -69.87442,44.932938,0
            -69.87412,44.933698,0
            -69.873562,44.934594,0
            -69.872886,44.935733,0
            -69.872178,44.936819,0
            -69.871845,44.937533,0
            -69.871845,44.937541,0
            -69.871792,44.938004,0
            -69.871759,44.938468,0
            -69.871835,44.938916,0
            -69.872113,44.939713,0
            -69.872521,44.940594,0
            -69.872854,44.941239,0
            -69.87398,44.942189,0
            -69.874281,44.942713,0
            -69.87457,44.943799,0
            -69.874882,44.945105,0
            -69.875364,44.946874,0
            -69.875718,44.948431,0
            -69.875922,44.949684,0
            -69.875922,44.950807,0
            -69.875793,44.952318,0
            -69.875557,44.954201,0
            -69.875418,44.955333,0
            -69.875257,44.955948,0
            -69.874763,44.957071,0
            -69.874109,44.958073,0
            -69.873744,44.958278,0
            -69.873025,44.958574,0
            -69.87206,44.958962,0
            -69.870987,44.959356,0
            -69.869978,44.959584,0
            -69.86897,44.959842,0
            -69.867972,44.960169,0
            -69.867071,44.960518,0
            -69.866588,44.960897,0
            -69.866223,44.96155,0
            -69.865944,44.962089,0
            -69.865805,44.962841,0
            -69.865601,44.963987,0
            -69.865344,44.965877,0
            -69.865022,44.96779,0
            -69.864904,44.968724,0
            -69.864893,44.96965,0
            -69.865054,44.970394,0
            -69.865301,44.970986,0
            -69.865687,44.971623,0
            -69.866062,44.972086,0
            -69.866695,44.972618,0
            -69.86765,44.973362,0
            -69.868509,44.974029,0
            -69.869421,44.974743,0
            -69.870182,44.975479,0
            -69.870815,44.976238,0
            -69.87133,44.97705,0
            -69.871738,44.978067,0
            -69.872081,44.979145,0
            -69.872317,44.979896,0
            -69.872564,44.980769,0
            -69.872929,44.981414,0
            -69.873326,44.981869,0
            -69.873841,44.982484,0
            -69.874259,44.983182,0
            -69.874753,44.98407,0
            -69.874967,44.984669,0
            -69.874978,44.985398,0
            -69.874828,44.986028,0
            -69.874388,44.986605,0
            -69.87397,44.987105,0
            -69.873519,44.987485,0
            -69.872918,44.987826,0
            -69.872049,44.988312,0
            -69.871083,44.988873,0
            -69.870064,44.989442,0
            -69.869227,44.989989,0
            -69.868262,44.990854,0
            -69.867522,44.991666,0
            -69.866899,44.992667,0
            -69.86618,44.993722,0
            -69.865247,44.995125,0
            -69.864378,44.996438,0
            -69.863842,44.997106,0
            -69.863069,44.997864,0
            -69.862211,44.998608,0
            -69.861546,44.999329,0
            -69.860955,45.000178,0
            -69.860365,45.001058,0
            -69.859893,45.001809,0
            -69.859507,45.002401,0
            -69.859293,45.003144,0
            -69.859271,45.003949,0
            -69.859325,45.005215,0
            -69.859335,45.00605,0
            -69.859421,45.007354,0
            -69.859443,45.008272,0
            -69.859496,45.009084,0
            -69.859614,45.009668,0
            -69.859861,45.010207,0
            -69.86028,45.010995,0
            -69.860677,45.011989,0
            -69.861138,45.01318,0
            -69.861513,45.01412,0
            -69.861653,45.014856,0
            -69.861567,45.015592,0
            -69.861331,45.016767,0
            -69.861192,45.017685,0
            -69.861116,45.01855,0
            -69.861106,45.01927,0
            -69.861084,45.020112,0
            -69.861031,45.020832,0
            -69.860837,45.021492,0
            -69.860451,45.022334,0
            -69.860204,45.023031,0
            -69.860108,45.023896,0
            -69.86014,45.024518,0
            -69.860322,45.025193,0
            -69.860655,45.025906,0
            -69.860859,45.026596,0
            -69.860698,45.027301,0
            -69.86058,45.028051,0
            -69.860601,45.028772,0
            -69.860913,45.029659,0
            -69.861417,45.030417,0
            -69.862039,45.031031,0
            -69.862972,45.031987,0
            -69.863638,45.03276,0
            -69.864035,45.033443,0
            -69.864249,45.034148,0
            -69.864303,45.034777,0
            -69.864346,45.03527,0
            -69.864485,45.035891,0
            -69.864743,45.036862,0
            -69.865022,45.03787,0
            -69.86544,45.039531,0
            -69.865773,45.040698,0
            -69.866062,45.041866,0
            -69.86621,45.04243,0
            -69.8664,45.04313,0
            -69.86715,45.04523,0
            -69.86751,45.04688,0
            -69.86736,45.04765,0
            -69.86696,45.04913,0
            -69.86711,45.04994,0
            -69.8674,45.05069,0
            -69.86773,45.05137,0
            -69.86885,45.05325,0
            -69.86973,45.05524,0
            -69.87122,45.05811,0
            -69.872242,45.060601,0
            -69.87235,45.060995,0
            -69.872425,45.061351,0
            -69.872435,45.06198,0
            -69.87235,45.062405,0
            -69.87216,45.0628,0
            -69.870837,45.064807,0
            -69.870579,45.065368,0
            -69.87036,45.0659,0
            -69.870193,45.066451,0
            -69.870107,45.066936,0
            -69.870054,45.06733,0
            -69.87008,45.06781,0
            -69.870139,45.068141,0
            -69.87034,45.06847,0
            -69.870569,45.068777,0
            -69.871073,45.069232,0
            -69.871781,45.069778,0
            -69.87289,45.07078,0
            -69.873154,45.071119,0
            -69.87334,45.07144,0
            -69.873455,45.071763,0
            -69.87351,45.07209,0
            -69.873519,45.072422,0
            -69.873487,45.072755,0
            -69.873422,45.073081,0
            -69.873326,45.073407,0
            -69.873154,45.073809,0
            -69.872961,45.074149,0
            -69.872714,45.074559,0
            -69.872414,45.074937,0
            -69.871824,45.075634,0
            -69.871523,45.075907,0
            -69.87118,45.07615,0
            -69.87025,45.0767,0
            -69.869989,45.076922,0
            -69.869807,45.077112,0
            -69.869635,45.077369,0
            -69.86954,45.07761,0
            -69.869496,45.077922,0
            -69.869453,45.078809,0
            -69.869399,45.07937,0
            -69.869292,45.079892,0
            -69.869163,45.080309,0
            -69.869002,45.080559,0
            -69.868852,45.080771,0
            -69.868659,45.081013,0
            -69.868455,45.081241,0
            -69.867425,45.081862,0
            -69.866749,45.082218,0
            -69.86617,45.082559,0
            -69.86559,45.082945,0
            -69.865097,45.083377,0
            -69.864753,45.083824,0
            -69.8645,45.08429,0
            -69.864357,45.084612,0
            -69.864239,45.085097,0
            -69.864142,45.085536,0
            -69.864078,45.085907,0
            -69.86377,45.08731,0
            -69.863616,45.087771,0
            -69.863434,45.088248,0
            -69.863198,45.088634,0
            -69.86302,45.08903,0
            -69.862844,45.089399,0
            -69.862769,45.089801,0
            -69.862704,45.090225,0
            -69.862629,45.091005,0
            -69.862554,45.091293,0
            -69.862458,45.091603,0
            -69.862361,45.091853,0
            -69.862243,45.092073,0
            -69.862028,45.092535,0
            -69.861792,45.09305,0
            -69.861492,45.093573,0
            -69.861213,45.093921,0
            -69.86043,45.094534,0
            -69.860001,45.094981,0
            -69.859786,45.095201,0
            -69.859614,45.095413,0
            -69.859443,45.095693,0
            -69.859335,45.095958,0
            -69.85925,45.096246,0
            -69.85922,45.0965,0
            -69.859239,45.096769,0
            -69.859228,45.096996,0
            -69.859174,45.097367,0
            -69.859046,45.0977,0
            -69.858874,45.098018,0
            -69.858713,45.098283,0
            -69.85852,45.098571,0
            -69.857844,45.099813,0
            -69.857554,45.10051,0
            -69.857329,45.101154,0
            -69.857211,45.101434,0
            -69.857157,45.101737,0
            -69.857104,45.102017,0
            -69.8571,45.1023,0
            -69.857157,45.102646,0
            -69.857254,45.102986,0
            -69.857351,45.103524,0
            -69.857383,45.103744,0
            -69.857372,45.103933,0
            -69.857318,45.104175,0
            -69.857243,45.104372,0
            -69.857168,45.104561,0
            -69.85705,45.104736,0
            -69.856836,45.104978,0
            -69.856589,45.10516,0
            -69.85616,45.105516,0
            -69.855098,45.106333,0
            -69.854014,45.107197,0
            -69.85307,45.108105,0
            -69.852201,45.109006,0
            -69.8516,45.109605,0
            -69.851042,45.110119,0
            -69.849787,45.111104,0
            -69.849186,45.111566,0
            -69.848939,45.111732,0
            -69.848703,45.111869,0
            -69.848188,45.112035,0
            -69.84759,45.11222,0
            -69.846686,45.112338,0
            -69.846214,45.112421,0
            -69.84573,45.11253,0
            -69.843028,45.113148,0
            -69.842191,45.113353,0
            -69.841461,45.113557,0
            -69.840946,45.113754,0
            -69.840517,45.113951,0
            -69.840195,45.114095,0
            -69.839948,45.114238,0
            -69.839734,45.114405,0
            -69.839573,45.114564,0
            -69.839444,45.114662,0
            -69.839369,45.114761,0
            -69.839272,45.114973,0
            -69.839144,45.115215,0
            -69.839079,45.115435,0
            -69.838854,45.115912,0
            -69.83865,45.116487,0
            -69.838436,45.116835,0
            -69.83821,45.117138,0
            -69.837803,45.117608,0
            -69.837416,45.118084,0
            -69.836977,45.118524,0
            -69.836698,45.118705,0
            -69.836344,45.118879,0
            -69.835979,45.119069,0
            -69.835582,45.119243,0
            -69.834702,45.119667,0
            -69.83394,45.12006,0
            -69.833425,45.120295,0
            -69.832932,45.120462,0
            -69.832449,45.120522,0
            -69.83187,45.12052,0
            -69.831376,45.120492,0
            -69.8307,45.120447,0
            -69.829981,45.120439,0
            -69.829499,45.120424,0
            -69.8291,45.12046,0
            -69.828672,45.120522,0
            -69.828265,45.120636,0
            -69.827964,45.120734,0
            -69.82768,45.12084,0
            -69.827256,45.120984,0
            -69.826881,45.121188,0
            -69.82657,45.121393,0
            -69.826355,45.121605,0
            -69.826108,45.121847,0
            -69.825937,45.12212,0
            -69.825765,45.122385,0
            -69.825647,45.122657,0
            -69.825293,45.123308,0
            -69.824992,45.123929,0
            -69.824692,45.124375,0
            -69.824359,45.12464,0
            -69.82401,45.12485,0
            -69.823533,45.125034,0
            -69.82302,45.1252,0
            -69.822321,45.125329,0
            -69.82154,45.1255,0
            -69.820594,45.12573,0
            -69.820122,45.125867,0
            -69.819853,45.126003,0
            -69.819628,45.126132,0
            -69.819317,45.126366,0
            -69.819113,45.126571,0
            -69.818941,45.12682,0
            -69.81863,45.127358,0
            -69.818255,45.127918,0
            -69.817847,45.128425,0
            -69.817321,45.128902,0
            -69.816785,45.129311,0
            -69.815669,45.13003,0
            -69.815079,45.130401,0
            -69.814628,45.130613,0
            -69.81406,45.130817,0
            -69.813277,45.13115,0
            -69.812794,45.131362,0
            -69.812418,45.131597,0
            -69.812118,45.131839,0
            -69.811914,45.132021,0
            -69.811764,45.132157,0
            -69.811603,45.132301,0
            -69.811378,45.132535,0
            -69.811184,45.132755,0
            -69.811023,45.132997,0
            -69.810852,45.133322,0
            -69.81068,45.133724,0
            -69.810584,45.13392,0
            -69.81038,45.134147,0
            -69.810165,45.134337,0
            -69.809886,45.134526,0
            -69.809618,45.134662,0
            -69.809339,45.134776,0
            -69.809028,45.134874,0
            -69.808706,45.13495,0
            -69.808363,45.134995,0
            -69.80798,45.13502,0
            -69.807494,45.134988,0
            -69.807107,45.134935,0
            -69.806743,45.134866,0
            -69.806474,45.134851,0
            -69.806088,45.134806,0
            -69.805713,45.134791,0
            -69.805294,45.134791,0
            -69.804897,45.134821,0
            -69.804618,45.134866,0
            -69.804382,45.134942,0
            -69.804028,45.135086,0
            -69.803685,45.135252,0
            -69.80339,45.13543,0
            -69.803084,45.135623,0
            -69.802827,45.13582,0
            -69.802591,45.136055,0
            -69.80243,45.13628,0
            -69.802269,45.136584,0
            -69.802161,45.136902,0
            -69.802086,45.13722,0
            -69.80206,45.13751,0
            -69.802108,45.137856,0
            -69.802247,45.138196,0
            -69.802376,45.138439,0
            -69.80264,45.13887,0
            -69.803041,45.13946,0
            -69.804071,45.141103,0
            -69.804887,45.14251,0
            -69.805123,45.142919,0
            -69.805316,45.143327,0
            -69.805466,45.14363,0
            -69.805659,45.144281,0
            -69.806142,45.145673,0
            -69.806271,45.146097,0
            -69.806346,45.14643,0
            -69.806378,45.146763,0
            -69.806389,45.147141,0
            -69.806346,45.147663,0
            -69.806324,45.148155,0
            -69.806346,45.148594,0
            -69.80656,45.149419,0
            -69.806753,45.150123,0
            -69.807011,45.150887,0
            -69.807247,45.151606,0
            -69.807966,45.153762,0
            -69.808728,45.156281,0
            -69.808824,45.156592,0
            -69.808953,45.156879,0
            -69.809103,45.157174,0
            -69.809253,45.157424,0
            -69.809403,45.157666,0
            -69.809586,45.157885,0
            -69.8098,45.15812,0
            -69.81002,45.15832,0
            -69.810326,45.158559,0
            -69.810691,45.158801,0
            -69.811088,45.15902,0
            -69.811549,45.15924,0
            -69.812579,45.159633,0
            -69.815487,45.160737,0
            -69.816012,45.160934,0
            -69.81648,45.16113,0
            -69.817096,45.161517,0
            -69.8176,45.161895,0
            -69.817965,45.16225,0
            -69.818265,45.162591,0
            -69.818448,45.162931,0
            -69.8186,45.16328,0
            -69.818684,45.163854,0
            -69.81869,45.16437,0
            -69.818577,45.16486,0
            -69.818394,45.16536,0
            -69.81804,45.165851,0
            -69.817622,45.166335,0
            -69.816581,45.167326,0
            -69.815444,45.168484,0
            -69.814306,45.169641,0
            -69.813716,45.170231,0
            -69.813212,45.170821,0
            -69.812922,45.171207,0
            -69.812676,45.171623,0
            -69.812558,45.171902,0
            -69.812483,45.172182,0
            -69.812375,45.172477,0
            -69.812322,45.172787,0
            -69.812332,45.173105,0
            -69.812397,45.173415,0
            -69.812547,45.173982,0
            -69.812719,45.174497,0
            -69.812912,45.174981,0
            -69.813266,45.175722,0
            -69.813405,45.176047,0
            -69.813513,45.176403,0
            -69.813813,45.177038,0
            -69.81406,45.177484,0
            -69.814585,45.178354,0
            -69.814886,45.178906,0
            -69.815229,45.17964,0
            -69.815304,45.179897,0
            -69.815358,45.180229,0
            -69.815379,45.18057,0
            -69.81539,45.180887,0
            -69.815358,45.181265,0
            -69.815294,45.181636,0
            -69.815229,45.181961,0
            -69.815154,45.182271,0
            -69.814832,45.183716,0
            -69.814467,45.18541,0
            -69.814167,45.186907,0
            -69.81391,45.187928,0
            -69.81391,45.18795,0
            -69.81335,45.19027,0
            -69.80885,45.20302,0
            -69.80867,45.20377,0
            -69.80853,45.20464,0
            -69.80845,45.20555,0
            -69.80845,45.20893,0
            -69.8085,45.21088,0
            -69.80856,45.2112,0
            -69.8088,45.21174,0
            -69.80908,45.21216,0
            -69.80942,45.21254,0
            -69.81202,45.2148,0
            -69.81339,45.21607,0
            -69.81396,45.21665,0
            -69.81444,45.21736,0
            -69.81459,45.21781,0
            -69.81501,45.21864,0
            -69.81577,45.21956,0
            -69.81646,45.22014,0
            -69.81837,45.22156,0
            -69.81916,45.22231,0
            -69.81961,45.2229,0
            -69.8201,45.22396,0
            -69.82027,45.22459,0
            -69.82029,45.22502,0
            -69.82022,45.22572,0
            -69.82025,45.22843,0
            -69.82032,45.22937,0
            -69.82069,45.23044,0
            -69.82101,45.23121,0
            -69.82125,45.23202,0
            -69.82169,45.23694,0
            -69.82193,45.23776,0
            -69.82248,45.23841,0
            -69.82295,45.23883,0
            -69.82702,45.24109,0
            -69.82777,45.24167,0
            -69.82819,45.24229,0
            -69.82917,45.24554,0
            -69.82956,45.24656,0
            -69.83063,45.24833,0
            -69.83082,45.24878,0
            -69.83092,45.24914,0
            -69.83094,45.24981,0
            -69.83092,45.25011,0
            -69.83084,45.25041,0
            -69.83074,45.25071,0
            -69.83038,45.25137,0
            -69.82949,45.25248,0
            -69.8294,45.25268,0
            -69.82925,45.25335,0
            -69.82922,45.25374,0
            -69.82873,45.25568,0
            -69.82839,45.2562,0
            -69.82819,45.25637,0
            -69.82667,45.25743,0
            -69.82648,45.25771,0
            -69.82637,45.2582,0
            -69.82639,45.2584,0
            -69.82663,45.25891,0
            -69.82792,45.26027,0
            -69.82882,45.26083,0
            -69.82958,45.26118,0
            -69.83081,45.26166,0
            -69.83158,45.26208,0
            -69.83189,45.26228,0
            -69.83214,45.26257,0
            -69.83235,45.26287,0
            -69.83247,45.26315,0
            -69.83253,45.26378,0
            -69.83206,45.26606,0
            -69.83152,45.26898,0
            -69.83148,45.26939,0
            -69.83181,45.27073,0
            -69.83183,45.27117,0
            -69.8316,45.27201,0
            -69.83124,45.2728,0
            -69.83118,45.27311,0
            -69.8312,45.27342,0
            -69.83211,45.27611,0
            -69.83247,45.27698,0
            -69.83252,45.27751,0
            -69.8325,45.2791,0
            -69.83234,45.27987,0
            -69.83225,45.2807,0
            -69.83235,45.28156,0
            -69.83252,45.28237,0
            -69.83293,45.28319,0
            -69.83321,45.28393,0
            -69.83333,45.28443,0
            -69.83335,45.28491,0
            -69.83325,45.2855,0
            -69.83322,45.28644,0
            -69.83325,45.28681,0
            -69.83341,45.28749,0
            -69.83493,45.29198,0
            -69.83504,45.29309,0
            -69.83459,45.29623,0
            -69.83472,45.2968,0
            -69.83516,45.29786,0
            -69.83547,45.29883,0
            -69.8358,45.29956,0
            -69.83622,45.30031,0
            -69.8402,45.3074,0
            -69.84133,45.30926,0
            -69.84177,45.31008,0
            -69.84238,45.31144,0
            -69.8442,45.31605,0
            -69.84445,45.31656,0
            -69.84475,45.31701,0
            -69.84517,45.31741,0
            -69.84562,45.31775,0
            -69.84661,45.31838,0
            -69.84683,45.31859,0
            -69.84718,45.31908,0
            -69.84771,45.32013,0
            -69.84798,45.32056,0
            -69.84833,45.32092,0
            -69.84875,45.32126,0
            -69.84987,45.3218,0
            -69.85094,45.32246,0
            -69.85132,45.32286,0
            -69.85158,45.32334,0
            -69.85189,45.32373,0
            -69.85227,45.32409,0
            -69.85265,45.32424,0
            -69.85455,45.32483,0
            -69.85547,45.32528,0
            -69.85584,45.32562,0
            -69.85626,45.32587,0
            -69.85673,45.32607,0
            -69.85838,45.32653,0
            -69.85874,45.32672,0
            -69.85903,45.32697,0
            -69.86068,45.32884,0
            -69.86183,45.33026,0
            -69.86262,45.3311,0
            -69.86362,45.33239,0
            -69.86444,45.33382,0
            -69.86665,45.33848,0
            -69.86721,45.33909,0
            -69.86801,45.33986,0
            -69.87502,45.34614,0
            -69.87526,45.34645,0
            -69.87562,45.34708,0
            -69.87575,45.34771,0
            -69.8757,45.34824,0
            -69.87537,45.34898,0
            -69.87509,45.34936,0
            -69.87481,45.34965,0
            -69.8732,45.35073,0
            -69.86791,45.35406,0
            -69.86737,45.35453,0
            -69.86695,45.35501,0
            -69.86666,45.35547,0
            -69.86638,45.35609,0
            -69.8663,45.35657,0
            -69.86632,45.35695,0
            -69.86644,45.35778,0
            -69.8715,45.38124,0
            -69.87593,45.40209,0
            -69.87595,45.4024,0
            -69.87587,45.40311,0
            -69.87564,45.40382,0
            -69.8741,45.40666,0
            -69.87391,45.40742,0
            -69.87402,45.40817,0
            -69.87438,45.40889,0
            -69.87492,45.4095,0
            -69.87906,45.41301,0
            -69.88021,45.41402,0
            -69.88125,45.41508,0
            -69.8816,45.41587,0
            -69.88169,45.41624,0
            -69.88168,45.41684,0
            -69.88027,45.42358,0
            -69.87997,45.42448,0
            -69.87958,45.42521,0
            -69.87906,45.42592,0
            -69.87057,45.4359,0
            -69.86819,45.43882,0
            -69.86241,45.44548,0
            -69.86192,45.44596,0
            -69.86091,45.44666,0
            -69.85724,45.44851,0
            -69.85677,45.44881,0
            -69.85219,45.45243,0
            -69.84987,45.45466,0
            -69.84927,45.45568,0
            -69.84815,45.46076,0
            -69.84654,45.46877,0
            -69.84627,45.46988,0
            -69.84618,45.47046,0
            -69.84618,45.47089,0
            -69.8463,45.47137,0
            -69.84643,45.47171,0
            -69.84664,45.47203,0
            -69.84943,45.47464,0
            -69.85032,45.47555,0
            -69.85043,45.47602,0
            -69.85042,45.4763,0
            -69.85028,45.47685,0
            -69.84937,45.47897,0
            -69.84609,45.48396,0
            -69.84437,45.48974,0
            -69.83785,45.50081,0
            -69.83064,45.50824,0
            -69.82944,45.50962,0
            -69.82498,45.51561,0
            -69.8224,45.52004,0
            -69.82006,45.52344,0
            -69.81547,45.53079,0
            -69.800887,45.554656,0
            -69.800014,45.556085,0
            -69.798865,45.557444,0
            -69.79798,45.55811,0
            -69.79761,45.5584,0
            -69.79401,45.56049,0
            -69.79283,45.56127,0
            -69.7922,45.5618,0
            -69.791533,45.56247,0
            -69.791419,45.562603,0
            -69.79131,45.56277,0
            -69.791049,45.563245,0
            -69.790836,45.563689,0
            -69.79061,45.56458,0
            -69.79067,45.56549,0
            -69.79085,45.56634,0
            -69.79911,45.59434,0
            -69.799243,45.594837,0
            -69.799458,45.59528,0
            -69.799758,45.59573,0
            -69.800069,45.596083,0
            -69.80092,45.59673,0
            -69.80235,45.59786,0
            -69.802709,45.59817,0
            -69.80295,45.59843,0
            -69.80323,45.59883,0
            -69.803438,45.599221,0
            -69.803513,45.599762,0
            -69.80346,45.60014,0
            -69.803288,45.60067,0
            -69.802676,45.601488,0
            -69.799039,45.605339,0
            -69.796904,45.607606,0
            -69.795746,45.608851,0
            -69.795424,45.609362,0
            -69.79516,45.60986,0
            -69.79451,45.61167,0
            -69.79408,45.61264,0
            -69.793696,45.613317,0
            -69.79327,45.61396,0
            -69.79259,45.61468,0
            -69.79186,45.61532,0
            -69.791443,45.615651,0
            -69.790982,45.615974,0
            -69.78792,45.61779,0
            -69.787613,45.618037,0
            -69.78742,45.618195,0
            -69.785231,45.620138,0
            -69.783676,45.621474,0
            -69.783096,45.621977,0
            -69.78254,45.6226,0
            -69.782174,45.62317,0
            -69.781648,45.624783,0
            -69.781423,45.625203,0
            -69.781154,45.625511,0
            -69.78086,45.62578,0
            -69.77889,45.62714,0
            -69.778537,45.627364,0
            -69.778236,45.627544,0
            -69.777925,45.627702,0
            -69.77762,45.62782,0
            -69.775597,45.628467,0
            -69.7733,45.62921,0
            -69.77241,45.629615,0
            -69.771584,45.63005,0
            -69.771187,45.630365,0
            -69.77083,45.63068,0
            -69.770447,45.631063,0
            -69.7701,45.63145,0
            -69.769825,45.631903,0
            -69.769599,45.632331,0
            -69.768087,45.636142,0
            -69.767572,45.6375,0
            -69.766724,45.639615,0
            -69.766306,45.640673,0
            -69.765898,45.64146,0
            -69.76545,45.64229,0
            -69.764965,45.643036,0
            -69.764729,45.643313,0
            -69.764407,45.643606,0
            -69.763581,45.643973,0
            -69.763216,45.644176,0
            -69.762712,45.644431,0
            -69.762272,45.644708,0
            -69.761982,45.645053,0
            -69.76178,45.64545,0
            -69.761113,45.647693,0
            -69.7609,45.64822,0
            -69.760416,45.648706,0
            -69.760158,45.648931,0
            -69.759868,45.649156,0
            -69.759128,45.649771,0
            -69.758356,45.650311,0
            -69.75783,45.650573,0
            -69.757293,45.650783,0
            -69.756843,45.650941,0
            -69.755877,45.651241,0
            -69.752991,45.651976,0
            -69.751242,45.652456,0
            -69.749944,45.652793,0
            -69.749204,45.653048,0
            -69.748528,45.653386,0
            -69.746307,45.654788,0
            -69.744011,45.656243,0
            -69.743271,45.656775,0
            -69.742767,45.657338,0
            -69.742573,45.657773,0
            -69.74252,45.6582,0
            -69.742552,45.658755,0
            -69.74296,45.659287,0
            -69.743571,45.659737,0
            -69.744279,45.660285,0
            -69.744698,45.660592,0
            -69.744869,45.660742,0
            -69.744987,45.660892,0
            -69.745148,45.661312,0
            -69.74517,45.661739,0
            -69.745213,45.662302,0
            -69.745127,45.662872,0
            -69.744934,45.663419,0
            -69.744687,45.663906,0
            -69.744172,45.664596,0
            -69.742606,45.665886,0
            -69.742123,45.666291,0
            -69.74172,45.66667,0
            -69.740964,45.667528,0
            -69.74055,45.66813,0
            -69.739516,45.670632,0
            -69.739333,45.671239,0
            -69.739237,45.671749,0
            -69.739269,45.672439,0
            -69.739269,45.673128,0
            -69.73855,45.67863,0
          </coordinates>
        </LineString>
      </Placemark>
      <Placemark>
        <name>Ayer Jct to Eastport branch</name>
        <description>Maine Central Railroad</description>
        <styleUrl>#line-FFD600-4681</styleUrl>
        <LineString>
          <tessellate>1</tessellate>
          <coordinates>
            -66.9843591,44.9037466,0
            -66.9846702,44.9028575,0
            -66.9850779,44.9022191,0
            -66.9854749,44.9018619,0
            -66.9858719,44.901634,0
            -66.9863117,44.9015504,0
            -66.9871057,44.9015124,0
            -66.9878674,44.9014896,0
            -66.9885111,44.9015276,0
            -66.98923,44.9016264,0
            -66.9900346,44.9017632,0
            -66.9909573,44.9019987,0
            -66.9919336,44.9022875,0
            -66.9928241,44.9025991,0
            -66.9934464,44.9027891,0
            -66.9938434,44.9030246,0
            -66.9942189,44.9033514,0
            -66.9945837,44.9037466,0
            -66.9948519,44.9042481,0
            -66.995045,44.9046737,0
            -66.9978023,44.9092595,0
            -66.9993473,44.9117517,0
            -67.0001417,44.912679,0
            -67.0008713,44.9134236,0
            -67.0018154,44.914153,0
            -67.0028025,44.9148824,0
            -67.0040899,44.9158245,0
            -67.0053345,44.9166906,0
            -67.0055598,44.9169907,0
            -67.0056242,44.9173782,0
            -67.0056671,44.9178644,0
            -67.0056778,44.9183279,0
            -67.0056242,44.9189204,0
            -67.0055705,44.9193535,0
            -67.0054847,44.9197561,0
            -67.0054525,44.9201588,0
            -67.0053774,44.9206146,0
            -67.0054525,44.9208786,0
            -67.0055705,44.9211407,0
            -67.0056724,44.9213458,0
            -67.0058119,44.9215357,0
            -67.0059889,44.9217408,0
            -67.0062035,44.9219383,0
            -67.0064557,44.9221662,0
            -67.0070028,44.922679,0
            -67.0073408,44.9229639,0
            -67.007609,44.9231652,0
            -67.0078182,44.9232943,0
            -67.0080757,44.9234577,0
            -67.0083332,44.923583,0
            -67.0085853,44.9236704,0
            -67.0089394,44.9237501,0
            -67.0095938,44.9238869,0
            -67.0102054,44.9240122,0
            -67.010892,44.9241641,0
            -67.0114767,44.9243085,0
            -67.0128876,44.9248307,0
            -67.0138103,44.9251802,0
            -67.0147329,44.925484,0
            -67.0159346,44.9257271,0
            -67.016986,44.925879,0
            -67.0182735,44.9260006,0
            -67.0193893,44.9261829,0
            -67.0204836,44.9264108,0
            -67.0213205,44.9265931,0
            -67.0223719,44.9268969,0
            -67.0234448,44.9272767,0
            -67.024067,44.9276261,0
            -67.0245606,44.9279604,0
            -67.0247966,44.928325,0
            -67.0250112,44.9288871,0
            -67.0252258,44.9295707,0
            -67.0255262,44.9306493,0
            -67.0257622,44.931424,0
            -67.0258051,44.9320165,0
            -67.0257193,44.933657,0
            -67.0256549,44.9345381,0
            -67.0256978,44.9351609,0
            -67.025848,44.9356925,0
            -67.0260411,44.9361482,0
            -67.0262986,44.9365583,0
            -67.0265561,44.9368773,0
            -67.0269209,44.9372191,0
            -67.0274037,44.9375836,0
            -67.0277578,44.9378343,0
            -67.0283371,44.9381077,0
            -67.0290238,44.9383507,0
            -67.0295361,44.9384912,0
            -67.0300699,44.9385785,0
            -67.0311909,44.9387608,0
            -67.0325428,44.9390646,0
            -67.0336264,44.9393152,0
            -67.0347262,44.9395924,0
            -67.036019,44.9401278,0
            -67.0369094,44.9406784,0
            -67.0376604,44.9412935,0
            -67.0381325,44.9419466,0
            -67.0385402,44.9425845,0
            -67.0388085,44.9432072,0
            -67.0389801,44.9438831,0
            -67.0390874,44.9445817,0
            -67.0391947,44.9454778,0
            -67.0393234,44.9463359,0
            -67.0394093,44.94708,0
            -67.0394415,44.9479381,0
            -67.0394522,44.9488265,0
            -67.0394307,44.9499882,0
            -67.0393985,44.9514005,0
            -67.0394093,44.9526457,0
            -67.0392698,44.954802,0
            -67.0392591,44.955622,0
            -67.039302,44.9562673,0
            -67.0395166,44.9568292,0
            -67.0398492,44.9574973,0
            -67.040332,44.9584615,0
            -67.0406967,44.9591599,0
            -67.041083,44.9595243,0
            -67.0415014,44.9597824,0
            -67.042349,44.9602076,0
            -67.0442802,44.9612704,0
            -67.0455784,44.9619916,0
            -67.0467156,44.9626293,0
            -67.0476919,44.9631758,0
            -67.0482498,44.9634567,0
            -67.0486253,44.963563,0
            -67.049076,44.9636541,0
            -67.0496339,44.9637072,0
            -67.0504922,44.9637376,0
            -67.0515329,44.9637528,0
            -67.0524663,44.9637756,0
            -67.0533246,44.9637907,0
            -67.0540434,44.9638363,0
            -67.05473,44.9639502,0
            -67.0553201,44.9641475,0
            -67.0558029,44.964398,0
            -67.0562428,44.9646865,0
            -67.0568758,44.9651192,0
            -67.0575303,44.9655291,0
            -67.0582277,44.9660301,0
            -67.0588607,44.9664476,0
            -67.0592576,44.9668044,0
            -67.0595366,44.9672522,0
            -67.0597726,44.9678671,0
            -67.0600194,44.9684516,0
            -67.0601803,44.9688235,0
            -67.0603949,44.9690892,0
            -67.0606846,44.9693245,0
            -67.0609742,44.9694459,0
            -67.0614463,44.9696357,0
            -67.0625943,44.9700683,0
            -67.0635277,44.9704479,0
            -67.0648366,44.9709564,0
            -67.0653731,44.9711386,0
            -67.0658022,44.9712524,0
            -67.0662099,44.9713207,0
            -67.0666283,44.9713815,0
            -67.0676798,44.971465,0
            -67.0693427,44.9716168,0
            -67.0703298,44.9716927,0
            -67.0708126,44.9717306,0
            -67.0715958,44.9717686,0
            -67.0723575,44.9717989,0
            -67.0729905,44.9718521,0
            -67.0734304,44.9719052,0
            -67.0739025,44.9720722,0
            -67.0742565,44.972353,0
            -67.0746106,44.9727401,0
            -67.0748573,44.9730816,0
            -67.0751685,44.9733852,0
            -67.075544,44.9736813,0
            -67.0758873,44.9738482,0
            -67.076295,44.9740076,0
            -67.0766169,44.9740759,0
            -67.0770568,44.9741291,0
            -67.0775717,44.9741139,0
            -67.0781404,44.9740759,0
            -67.0789343,44.9739773,0
            -67.079857,44.9739014,0
            -67.0811123,44.9738255,0
            -67.08211,44.9737799,0
            -67.0828074,44.9738179,0
            -67.0832366,44.9738482,0
            -67.0837516,44.9739469,0
            -67.0848995,44.9742353,0
            -67.0871741,44.9747818,0
            -67.0884508,44.9751233,0
            -67.0894164,44.975351,0
            -67.0899957,44.9754724,0
            -67.0905107,44.975518,0
            -67.0912832,44.9754876,0
            -67.0920557,44.975389,0
            -67.0957464,44.9750247,0
            -67.096221,44.9749778,0
            -67.0965911,44.9749417,0
            -67.0970283,44.9749,0
            -67.0973583,44.9748696,0
            -67.0978652,44.9748165,0
            -67.098356,44.9747672,0
            -67.0986457,44.974733,0
            -67.0988925,44.9747007,0
            -67.0990963,44.9746704,0
            -67.099335,44.9745945,0
            -67.0995228,44.9745433,0
            -67.0996811,44.9744863,0
            -67.1002363,44.9743042,0
            -67.1005662,44.9741827,0
            -67.1008317,44.9740992,0
            -67.1010946,44.9740347,0
            -67.1013065,44.9739607,0
            -67.1014942,44.9739019,0
            -67.1016632,44.9738374,0
            -67.1018295,44.9737729,0
            -67.1019985,44.9736761,0
            -67.1021755,44.9735642,0
            -67.1023552,44.9734351,0
            -67.1024384,44.9733459,0
            -67.102551,44.9732055,0
            -67.102661,44.9730101,0
            -67.1027656,44.9727881,0
            -67.1028407,44.9725699,0
            -67.1029185,44.972363,0
            -67.1029963,44.9720405,0
            -67.1030794,44.9718052,0
            -67.1031465,44.9716287,0
            -67.1032859,44.9711676,0
            -67.1034308,44.9707672,0
            -67.1035247,44.9704769,0
            -67.1036024,44.9703004,0
            -67.1037124,44.9701239,0
            -67.1038841,44.9698962,0
            -67.1040048,44.9697501,0
            -67.1041013,44.9696438,0
            -67.1042113,44.9695622,0
            -67.1043696,44.9694654,0
            -67.1047236,44.9692529,0
            -67.1051662,44.9689797,0
            -67.105429,44.9688468,0
            -67.1057107,44.9687159,0
            -67.1060218,44.9686115,0
            -67.1064188,44.9685394,0
            -67.1068855,44.9685052,0
            -67.1073066,44.968509,0
            -67.1079181,44.9685546,0
            -67.1085109,44.9686267,0
            -67.109042,44.9686988,0
            -67.109447,44.9687254,0
            -67.1097286,44.9687671,0
            -67.1100156,44.9688506,0
            -67.1104448,44.9689835,0
            -67.1109651,44.9691865,0
            -67.1113406,44.9693307,0
            -67.1116705,44.9694654,0
            -67.1119495,44.9695622,0
            -67.1122231,44.9696666,0
            -67.112451,44.9697102,0
            -67.1126844,44.9697615,0
            -67.1129258,44.9697824,0
            -67.113253,44.9697577,0
            -67.1135186,44.9697406,0
            -67.1138002,44.9696989,0
            -67.1140765,44.9696704,0
            -67.1144305,44.9696173,0
            -67.1147363,44.9695527,0
            -67.1150152,44.9694882,0
            -67.1153156,44.9694446,0
            -67.1156321,44.9694009,0
            -67.1158494,44.9693744,0
            -67.1161418,44.9693611,0
            -67.1163671,44.9693706,0
            -67.1166326,44.9694028,0
            -67.1170054,44.9694692,0
            -67.117279,44.9695527,0
            -67.117617,44.9696799,0
            -67.1179147,44.9697956,0
            -67.1180703,44.9698564,0
            -67.1182446,44.9699019,0
            -67.1184243,44.9699607,0
            -67.1186335,44.9700271,0
            -67.1188508,44.9701125,0
            -67.1191458,44.9702454,0
            -67.119339,44.9703535,0
            -67.1195294,44.9704769,0
            -67.119744,44.9706477,0
            -67.1200229,44.970957,0
            -67.1202482,44.9712093,0
            -67.1204816,44.9715016,0
            -67.1206613,44.9716666,0
            -67.1208115,44.9718147,0
            -67.1209858,44.9719361,0
            -67.1211602,44.9720291,0
            -67.1213479,44.972105,0
            -67.1215732,44.9721847,0
            -67.1217985,44.972253,0
            -67.1219622,44.9722985,0
            -67.1220936,44.9723232,0
            -67.1222411,44.9723536,0
            -67.1224342,44.9723782,0
            -67.1226434,44.9723915,0
            -67.1228634,44.9724029,0
            -67.1231048,44.9723915,0
            -67.1233355,44.9723801,0
            -67.1235661,44.9723877,0
            -67.1238773,44.9724048,0
            -67.1242769,44.9724181,0
            -67.12458,44.9724465,0
            -67.1248509,44.9724826,0
            -67.125095,44.9725243,0
            -67.1253927,44.9726078,0
            -67.1258487,44.9727558,0
            -67.1263047,44.9729171,0
            -67.1266828,44.9730803,0
            -67.1269994,44.9732416,0
            -67.1273159,44.9734029,0
            -67.1278308,44.973678,0
            -67.1283753,44.9739873,0
            -67.1288554,44.9742586,0
            -67.1292524,44.9744882,0
            -67.1295045,44.9746305,0
            -67.1297057,44.9747349,0
            -67.1300678,44.9749246,0
            -67.1304299,44.9751315,0
            -67.130741,44.9753041,0
            -67.1309958,44.975418,0
            -67.1312131,44.9755375,0
            -67.131476,44.9756798,0
            -67.1317388,44.9758088,0
            -67.1319024,44.9758942,0
            -67.1320875,44.9759587,0
            -67.132286,44.9760213,0
            -67.1324898,44.9760802,0
            -67.1327312,44.9761257,0
            -67.1330477,44.9761674,0
            -67.1333213,44.9762054,0
            -67.1334822,44.9762187,0
            -67.1337183,44.9762225,0
            -67.134016,44.9762301,0
            -67.1343459,44.9762149,0
            -67.1350916,44.9761618,0
            -67.1358077,44.9761276,0
            -67.1383236,44.9759834,0
            -67.1408127,44.9758544,0
            -67.1419258,44.9757785,0
            -67.1433555,44.975695,0
            -67.1437256,44.9756589,0
            -67.144203,44.9756229,0
            -67.144549,44.9755906,0
            -67.1449326,44.9755166,0
            -67.145571,44.9753686,0
            -67.1458043,44.9753079,0
            -67.1461745,44.9751884,0
            -67.1465687,44.9750366,0
            -67.1469577,44.9748715,0
            -67.1473305,44.9746609,0
            -67.147883,44.974344,0
            -67.148575,44.9739778,0
            -67.1494226,44.973494,0
            -67.150179,44.9730632,0
            -67.1509917,44.972623,0
            -67.1517186,44.9721999,0
            -67.1520109,44.972031,0
            -67.1523462,44.9718336,0
            -67.1527995,44.9715813,0
            -67.1533977,44.9712473,0
            -67.1539824,44.9709114,0
            -67.1544679,44.9706097,0
            -67.1549533,44.9703896,0
            -67.1557285,44.9700727,0
            -67.1562703,44.9699076,0
            -67.156906,44.9697596,0
            -67.1576409,44.9695831,0
            -67.1586548,44.9693136,0
            -67.1595399,44.9690916,0
            -67.1602319,44.9689303,0
            -67.1611841,44.9687064,0
            -67.1617554,44.9685793,0
            -67.1621175,44.9685166,0
            -67.1623589,44.9684768,0
            -67.1627478,44.9683648,0
            -67.1633406,44.9681902,0
            -67.1637349,44.9681086,0
            -67.1642579,44.9679796,0
            -67.1647568,44.9678562,0
            -67.1654917,44.9676874,0
            -67.1659423,44.9675773,0
            -67.166401,44.9674729,0
            -67.1667711,44.9673799,0
            -67.1673773,44.9671788,0
            -67.1689769,44.9667322,0
            -67.1714552,44.9660111,0
            -67.1729465,44.9655101,0
            -67.1739336,44.9652292,0
            -67.174985,44.9650167,0
            -67.1757467,44.9649104,0
            -67.1765085,44.9648724,0
            -67.1773024,44.9649407,0
            -67.1783431,44.9651002,0
            -67.1797164,44.9653279,0
            -67.1807678,44.9655101,0
            -67.1817978,44.9656847,0
            -67.1828492,44.965882,0
            -67.1835573,44.9660642,0
            -67.1843405,44.9663527,0
            -67.1848555,44.9665728,0
            -67.1852954,44.9668461,0
            -67.1868189,44.9677038,0
            -67.188793,44.96885,0
            -67.1908959,44.9700645,0
            -67.1918078,44.9705806,0
            -67.1922584,44.9708311,0
            -67.1929558,44.9711499,0
            -67.1947582,44.9719545,0
            -67.1968075,44.9729032,0
            -67.1987494,44.973814,0
            -67.2011204,44.9749221,0
            -67.2033306,44.9759392,0
            -67.2055836,44.9769789,0
            -67.2075148,44.9778745,0
            -67.2082444,44.9782084,0
            -67.2087594,44.9784361,0
            -67.209328,44.978641,0
            -67.2101327,44.978899,0
            -67.2115811,44.9792785,0
            -67.2127934,44.9796048,0
            -67.2145744,44.9800829,0
            -67.2173854,44.9808418,0
            -67.2201749,44.9816007,0
            -67.2242411,44.982648,0
            -67.2284146,44.9837939,0
            -67.2299596,44.9841885,0
            -67.2315689,44.9846058,0
            -67.2327491,44.984917,0
            -67.2334679,44.9851067,0
            -67.2341116,44.9852433,0
            -67.2346159,44.9853192,0
            -67.2351523,44.9853495,0
            -67.2356995,44.9853343,0
            -67.2361179,44.9852812,0
            -67.23659,44.9851977,0
          </coordinates>
        </LineString>
      </Placemark>
      <Placemark>
        <name>Princeton Branch</name>
        <description>Maine Central Railroad</description>
        <styleUrl>#line-F9A825-3713</styleUrl>
        <LineString>
          <tessellate>1</tessellate>
          <coordinates>
            -67.5751491,45.2250238,0
            -67.5743659,45.2252845,0
            -67.5736793,45.2255074,0
            -67.5731053,45.2256698,0
            -67.5723382,45.225855,0
            -67.5712706,45.2261119,0
            -67.5703104,45.2263726,0
            -67.5694199,45.2266711,0
            -67.5690712,45.2268373,0
            -67.5685562,45.227098,0
            -67.5677623,45.2275778,0
            -67.567124,45.2280425,0
            -67.5652303,45.229312,0
            -67.5640555,45.2302036,0
            -67.5624086,45.2316316,0
            -67.561266,45.2324627,0
            -67.5603594,45.2331125,0
            -67.559544,45.2335998,0
            -67.5585784,45.2341174,0
            -67.5568243,45.2351487,0
            -67.5557246,45.2357758,0
            -67.5546034,45.2363839,0
            -67.5536432,45.2368146,0
            -67.5528761,45.2371319,0
            -67.5520607,45.2374794,0
            -67.5512131,45.2378572,0
            -67.550328,45.2381556,0
            -67.5493087,45.2385295,0
            -67.5462403,45.239727,0
            -67.5445612,45.2403389,0
            -67.5439389,45.2405542,0
            -67.5433274,45.240743,0
            -67.5422813,45.2409772,0
            -67.5415303,45.2411359,0
            -67.540908,45.2412152,0
            -67.5403287,45.2412907,0
            -67.5396635,45.2413512,0
            -67.5389339,45.2414003,0
            -67.5382527,45.2414267,0
            -67.5376465,45.2414229,0
            -67.5370886,45.2413965,0
            -67.5363697,45.241355,0
            -67.5357367,45.2413134,0
            -67.5352164,45.2412341,0
            -67.5346746,45.2411623,0
            -67.5340899,45.2410301,0
            -67.5335642,45.2408828,0
            -67.5327488,45.2407355,0
            -67.5316544,45.240422,0
            -67.5305869,45.240048,0
            -67.5297554,45.2397572,0
            -67.52916,45.2395381,0
            -67.5286128,45.2393606,0
            -67.5280334,45.2391792,0
            -67.5272717,45.2389073,0
            -67.526687,45.2387184,0
            -67.5239565,45.2378232,0
            -67.5224813,45.2372792,0
            -67.5204267,45.2365804,0
            -67.5184901,45.2359382,0
            -67.5172831,45.2355151,0
            -67.5166448,45.2352809,0
            -67.5155612,45.2349258,0
            -67.5137212,45.234276,0
            -67.5118114,45.2336187,0
            -67.5101377,45.2330407,0
            -67.507831,45.2322474,0
            -67.5060608,45.2316656,0
            -67.5043871,45.2310649,0
            -67.5031908,45.2306682,0
            -67.5027402,45.2304982,0
            -67.5019409,45.2301582,0
            -67.5001063,45.229414,0
            -67.4985023,45.228749,0
            -67.4965121,45.2279443,0
            -67.4943824,45.2270716,0
            -67.492183,45.2261686,0
            -67.489592,45.2251182,0
            -67.4871297,45.2241132,0
            -67.4853488,45.2233802,0
            -67.482747,45.222326,0
            -67.4797698,45.2211395,0
            -67.4767389,45.2198964,0
            -67.4741425,45.2188346,0
            -67.4727048,45.2182489,0
            -67.471868,45.2179088,0
            -67.4704464,45.2173269,0
            -67.4682416,45.2164351,0
            -67.4657525,45.2153996,0
            -67.4634405,45.2144662,0
            -67.4602486,45.2131549,0
            -67.4571534,45.2118889,0
            -67.4552436,45.2111179,0
            -67.4535699,45.210449,0
            -67.4528189,45.210124,0
            -67.4521698,45.2098254,0
            -67.4516602,45.2095533,0
            -67.4512203,45.2093077,0
            -67.4506249,45.2089524,0
            -67.4499597,45.2084913,0
            -67.4494823,45.2081172,0
            -67.4488117,45.2075257,0
            -67.4476101,45.2063465,0
            -67.446505,45.2052958,0
            -67.4454214,45.2043357,0
            -67.4449386,45.2037839,0
            -67.4446811,45.2034135,0
            -67.4444773,45.203028,0
            -67.4443592,45.2026349,0
            -67.4441876,45.2016446,0
            -67.4439945,45.2003216,0
            -67.4437584,45.1983106,0
            -67.4436511,45.1976907,0
            -67.4435439,45.1970481,0
            -67.4433722,45.1965264,0
            -67.4431254,45.195914,0
            -67.4428679,45.1954377,0
            -67.4426104,45.1950143,0
            -67.4422027,45.1945002,0
            -67.4416985,45.1939407,0
            -67.4410118,45.193351,0
            -67.4403359,45.1928293,0
            -67.4396493,45.1924059,0
            -67.4387695,45.191922,0
            -67.4378147,45.1915666,0
            -67.4366452,45.1911356,0
            -67.4357011,45.1908256,0
            -67.4345531,45.1904929,0
            -67.4338235,45.1902207,0
            -67.4331047,45.1898956,0
            -67.4325575,45.1895705,0
            -67.4320962,45.1892831,0
            -67.431828,45.1890563,0
            -67.4313988,45.1886707,0
            -67.4307873,45.1880657,0
            -67.4302616,45.1876045,0
            -67.4298646,45.187302,0
            -67.4293496,45.1869996,0
            -67.428384,45.186561,0
            -67.4270429,45.1860165,0
            -67.4255945,45.1854494,0
            -67.4246933,45.1850864,0
            -67.4235775,45.1846252,0
            -67.4228265,45.1842773,0
            -67.4223222,45.1840278,0
            -67.4218931,45.1837782,0
            -67.4210991,45.1832564,0
            -67.4203159,45.182659,0
            -67.4191679,45.1818196,0
            -67.4143936,45.1783938,0
            -67.413192,45.1775543,0
            -67.4109067,45.1759131,0
            -67.4094905,45.1748921,0
            -67.4088146,45.1743627,0
            -67.4084284,45.1739316,0
            -67.4081172,45.1733492,0
            -67.4076452,45.1722222,0
            -67.407334,45.171307,0
            -67.4070658,45.1706263,0
            -67.4068941,45.1696808,0
            -67.4069371,45.1690152,0
            -67.4071946,45.1682814,0
            -67.4079241,45.1673359,0
            -67.4088253,45.1657625,0
            -67.4098982,45.1640756,0
            -67.4101664,45.1633797,0
            -67.4102845,45.1624265,0
            -67.4101128,45.1614733,0
            -67.4098039,45.1607736,0
            -67.4096215,45.1604558,0
            -67.4093211,45.1600776,0
            -67.4084628,45.1591319,0
            -67.4078298,45.1584889,0
            -67.4071002,45.1581257,0
            -67.4062849,45.1578685,0
            -67.4054373,45.1578685,0
            -67.4039996,45.1580652,0
            -67.4031842,45.1581635,0
            -67.4023474,45.1581408,0
            -67.401414,45.158033,0
            -67.400502,45.1578666,0
            -67.3999429,45.1576937,0
            -67.3995459,45.1575878,0
            -67.3992187,45.1575273,0
            -67.3988271,45.1574403,0
            -67.3985991,45.157324,0
            -67.3984462,45.1571623,0
            -67.3983013,45.156748,0
            -67.3981833,45.156052,0
            -67.3982477,45.1550155,0
            -67.3984086,45.1537898,0
          </coordinates>
        </LineString>
      </Placemark>
      <Placemark>
        <name>Oakland</name>
        <styleUrl>#icon-22-nodesc</styleUrl>
        <Point>
          <coordinates>
            -69.711529,44.554671,0
          </coordinates>
        </Point>
      </Placemark>
      <Placemark>
        <name>Woodland Junction to Calais</name>
        <description>Maine Central railroad</description>
        <styleUrl>#line-FBC02D-3906</styleUrl>
        <LineString>
          <tessellate>1</tessellate>
          <coordinates>
            -67.407334,45.171307,0
            -67.4069831,45.1703187,0
            -67.4065754,45.1695926,0
            -67.4062106,45.1689572,0
            -67.4058323,45.1685033,0
            -67.4036865,45.1662643,0
            -67.4032788,45.1657726,0
            -67.4030857,45.1651069,0
            -67.4030857,45.1644564,0
            -67.403193,45.1636394,0
            -67.4031715,45.1631401,0
            -67.4029355,45.1624441,0
            -67.4026136,45.1617784,0
            -67.4021415,45.1612186,0
            -67.4013047,45.1607647,0
            -67.4002747,45.1604016,0
            -67.3989014,45.1599931,0
            -67.3981719,45.1597207,0
            -67.3975496,45.1595089,0
            -67.3970132,45.1591306,0
            -67.3959403,45.1582833,0
            -67.3949961,45.1576024,0
            -67.3941593,45.1569669,0
            -67.3934512,45.1565735,0
            -67.3922281,45.1561347,0
            -67.3909406,45.1558472,0
            -67.3888378,45.1554083,0
            -67.3867779,45.1549847,0
            -67.3850183,45.1545761,0
            -67.3837523,45.1542583,0
            -67.3827653,45.1538498,0
            -67.3817782,45.1533655,0
            -67.3808555,45.1528056,0
            -67.380126,45.1522457,0
            -67.3790102,45.1513378,0
            -67.3781733,45.1506114,0
            -67.3769717,45.1494764,0
            -67.3757272,45.1483868,0
            -67.3740105,45.1468886,0
            -67.37253,45.1454508,0
            -67.3717146,45.1445428,0
            -67.370749,45.1437558,0
            -67.3695903,45.1430747,0
            -67.3682813,45.1425147,0
            -67.3663072,45.1419396,0
            -67.3609857,45.1406077,0
            -67.3553638,45.1392454,0
            -67.3502569,45.1380043,0
            -67.3458366,45.1368993,0
            -67.338777,45.1351435,0
            -67.3337989,45.1339476,0
            -67.3312454,45.1332967,0
            -67.3302583,45.1330394,0
            -67.3290996,45.1328577,0
            -67.3282199,45.1328274,0
            -67.3271684,45.132888,0
            -67.3260526,45.1330545,0
            -67.3243575,45.1333875,0
            -67.3220401,45.1338719,0
            -67.320538,45.1342201,0
            -67.3187785,45.1346288,0
            -67.3181991,45.1349164,0
            -67.3176627,45.1355824,0
            -67.3171906,45.1363695,0
            -67.3164396,45.1373837,0
            -67.3160319,45.1378681,0
            -67.3145728,45.1388973,0
            -67.3132639,45.1397903,0
            -67.3122768,45.1404412,0
            -67.3114829,45.1408498,0
            -67.3106246,45.1410769,0
            -67.3093586,45.1413039,0
            -67.3081355,45.1414704,0
            -67.3064189,45.1416217,0
            -67.3050885,45.141652,0
            -67.30408,45.1417428,0
            -67.3029427,45.1419699,0
            -67.3019557,45.1422877,0
            -67.3008828,45.1428023,0
            -67.2983937,45.1444671,0
            -67.2953467,45.1465556,0
            -67.2944884,45.1472669,0
            -67.2936516,45.148175,0
            -67.2932009,45.1490678,0
            -67.2928147,45.1501423,0
            -67.2922353,45.1525635,0
          </coordinates>
        </LineString>
      </Placemark>
      <Placemark>
        <name>Madison</name>
        <styleUrl>#icon-22-nodesc</styleUrl>
        <Point>
          <coordinates>
            -69.885052,44.798123,0
          </coordinates>
        </Point>
      </Placemark>
      <Placemark>
        <name>Calais to Ayers Junction</name>
        <description>Maine Centrail Railroad</description>
        <styleUrl>#line-FFCC80-4100</styleUrl>
        <LineString>
          <tessellate>1</tessellate>
          <coordinates>
            -67.270945,45.1892681,0
            -67.2710469,45.1891509,0
            -67.2712883,45.1888749,0
            -67.2715136,45.1886934,0
            -67.2718355,45.1885875,0
            -67.2721788,45.1885195,0
            -67.2725651,45.1884476,0
            -67.2730318,45.188372,0
            -67.2733644,45.1884363,0
            -67.2737077,45.1885648,0
            -67.2739813,45.1887577,0
            -67.2742119,45.1889354,0
            -67.274448,45.1890715,0
            -67.2748289,45.1892681,0
            -67.2751668,45.1893626,0
            -67.2757291,45.1894633,0
            -67.2765337,45.189658,0
            -67.277215,45.18983,0
            -67.2776053,45.1898508,0
            -67.2778078,45.1898376,0
            -67.2782959,45.189813,0
            -67.2802459,45.1896561,0
            -67.2827672,45.1894784,0
            -67.2836282,45.1893896,0
            -67.2844784,45.189278,0
            -67.285043,45.1891419,0
            -67.2855862,45.1889907,0
            -67.2865906,45.1886883,0
            -67.2875871,45.1883933,0
            -67.2882563,45.188159,0
            -67.2888987,45.187917,0
            -67.289301,45.1875956,0
            -67.2895424,45.1872213,0
            -67.2897141,45.1857695,0
            -67.2899286,45.1840151,0
            -67.2901861,45.182151,0
            -67.2903363,45.1810091,0
            -67.2904222,45.1806839,0
            -67.2905724,45.1803512,0
            -67.290787,45.180026,0
            -67.2911195,45.1796857,0
            -67.2914843,45.1794286,0
            -67.2919135,45.1791639,0
            -67.2922568,45.1788311,0
            -67.292525,45.1784454,0
            -67.2927718,45.1779614,0
            -67.2929113,45.1774925,0
            -67.2929113,45.1769026,0
            -67.2928254,45.1765244,0
            -67.2926538,45.1761765,0
            -67.2924177,45.1758362,0
            -67.2921281,45.1755412,0
            -67.2917847,45.1752916,0
            -67.2914414,45.1751026,0
            -67.2910552,45.1749362,0
            -67.2907655,45.1747622,0
            -67.2905402,45.1745883,0
            -67.2902934,45.1743689,0
            -67.2901003,45.1740891,0
            -67.2900252,45.1738092,0
            -67.2900037,45.1735218,0
            -67.2901003,45.1732193,0
            -67.2902612,45.1729243,0
            -67.2904436,45.1726142,0
            -67.2905616,45.1722965,0
            -67.2906046,45.1720318,0
            -67.2905938,45.1717368,0
            -67.2905509,45.1714645,0
            -67.2905509,45.1711998,0
            -67.2906475,45.1709124,0
            -67.2907655,45.1706628,0
            -67.2910015,45.1703905,0
            -67.2912912,45.1701409,0
            -67.291538,45.1699896,0
            -67.291892,45.1697929,0
            -67.2923534,45.1696946,0
            -67.2928254,45.1696946,0
            -67.2932975,45.1696492,0
            -67.2938769,45.1696417,0
            -67.2946171,45.1696341,0
            -67.295175,45.1696265,0
            -67.2956364,45.1695736,0
            -67.295969,45.1694979,0
            -67.2963123,45.1693996,0
            -67.296602,45.1692332,0
            -67.2969024,45.1689685,0
            -67.297117,45.1686356,0
            -67.297235,45.1682726,0
            -67.2971921,45.1678792,0
            -67.2971062,45.1676145,0
            -67.2969238,45.1671228,0
            -67.2964732,45.1660184,0
            -67.2959153,45.1648005,0
            -67.2949283,45.162637,0
            -67.2936194,45.1596337,0
            -67.2922139,45.1565394,0
            -67.2919242,45.1557223,0
            -67.2918598,45.1553592,0
            -67.2917847,45.1549355,0
            -67.2917526,45.1545799,0
            -67.2918169,45.1541108,0
            -67.29201,45.1532709,0
            -67.2921495,45.1526203,0
            -67.292525,45.1510767,0
            -67.292804,45.1500477,0
            -67.2929864,45.1493289,0
            -67.2929864,45.1487235,0
            -67.2928147,45.1479896,0
            -67.2924714,45.1471799,0
            -67.2921281,45.1465443,0
            -67.2915702,45.1458481,0
            -67.2907762,45.1450233,0
            -67.289993,45.1444482,0
            -67.289006,45.1439033,0
            -67.286946,45.1428817,0
            -67.2856693,45.1421931,0
            -67.2846071,45.1417012,0
            -67.2838883,45.1412471,0
            -67.2834484,45.1408536,0
            -67.2831051,45.1404222,0
            -67.2827511,45.1399001,0
            -67.2825472,45.1395217,0
            -67.2821717,45.1384924,0
            -67.2821181,45.1380156,0
            -67.2821395,45.1375086,0
            -67.2822683,45.1367896,0
            -67.2823648,45.136116,0
            -67.2824185,45.1354954,0
            -67.2823434,45.1349353,0
            -67.2822253,45.1343525,0
            -67.2820537,45.1337924,0
            -67.281764,45.1330886,0
            -67.2812276,45.132097,0
            -67.2808735,45.1314461,0
            -67.2806911,45.1310677,0
            -67.2805731,45.1306514,0
            -67.2804444,45.1301442,0
            -67.2804014,45.1297582,0
            -67.2804765,45.1292435,0
            -67.2806053,45.1287136,0
            -67.2806375,45.1283276,0
            -67.2805838,45.1278583,0
            -67.280498,45.1274571,0
            -67.2803693,45.1270786,0
            -67.2801869,45.1266699,0
            -67.2798543,45.1261627,0
            -67.2793822,45.1255798,0
            -67.2788779,45.1250272,0
            -67.2780733,45.1241794,0
            -67.2773223,45.1234451,0
            -67.2765605,45.1227941,0
            -67.2760563,45.1223323,0
            -67.2757666,45.1220673,0
            -67.2755413,45.1217569,0
            -67.2752945,45.1213936,0
            -67.2742324,45.1196524,0
            -67.2727411,45.1172297,0
            -67.2720544,45.1160638,0
            -67.271872,45.1155944,0
            -67.271754,45.1151098,0
            -67.271754,45.1146934,0
            -67.2718586,45.1141738,0
            -67.2720491,45.1135634,0
            -67.2731005,45.1119507,0
            -67.2757505,45.1079376,0
            -67.2772955,45.1055447,0
            -67.2776281,45.1045679,0
            -67.2777997,45.1037046,0
            -67.2777568,45.1029776,0
            -67.2769307,45.100115,0
            -67.2759973,45.0967524,0
            -67.275772,45.0953968,0
            -67.2757827,45.0943288,0
            -67.2760724,45.0927156,0
            -67.2762762,45.0913674,0
            -67.2762977,45.0902615,0
            -67.2758471,45.0872013,0
            -67.2749673,45.0815653,0
            -67.2739373,45.0754591,0
            -67.272843,45.0688217,0
            -67.2726499,45.0679276,0
            -67.2723924,45.0672001,0
            -67.2717057,45.0656543,0
            -67.2704827,45.0637598,0
            -67.2687231,45.0616986,0
            -67.2668134,45.0594705,0
            -67.2649251,45.0574243,0
            -67.262951,45.0551203,0
            -67.2580801,45.0496176,0
            -67.2562348,45.04748,0
            -67.2555696,45.0465097,0
            -67.2551833,45.0456911,0
            -67.2549044,45.0448117,0
            -67.2547113,45.0433108,0
            -67.254604,45.0420675,0
            -67.2544109,45.0413246,0
            -67.2539817,45.0405817,0
            -67.2532951,45.0398994,0
            -67.2521363,45.038929,0
            -67.2513424,45.0382012,0
            -67.2508918,45.0377311,0
            -67.2504412,45.0369578,0
            -67.2501408,45.0363664,0
            -67.2496258,45.0356841,0
            -67.2490464,45.0351079,0
            -67.2486387,45.0345923,0
            -67.2482954,45.0340919,0
            -67.2480165,45.0333792,0
            -67.24748,45.0321206,0
            -67.2460638,45.0284355,0
            -67.2451626,45.0262668,0
            -67.2449266,45.0256147,0
            -67.2448837,45.0251294,0
            -67.2448837,45.0230819,0
            -67.2448837,45.0221264,0
            -67.2449909,45.0213984,0
            -67.2453772,45.0207614,0
            -67.2461926,45.0199423,0
            -67.2474371,45.0186682,0
            -67.2499047,45.016302,0
            -67.2515999,45.0146941,0
            -67.2523295,45.0139356,0
            -67.2527586,45.0132227,0
            -67.2531019,45.0121608,0
            -67.253338,45.0111293,0
            -67.2533594,45.0104618,0
            -67.2532307,45.0099612,0
            -67.2529517,45.0094757,0
            -67.2522651,45.0089599,0
            -67.251278,45.0084138,0
            -67.2501622,45.0079283,0
            -67.2481023,45.006745,0
            -67.2467505,45.0058802,0
            -67.245463,45.0051975,0
            -67.244948,45.0047424,0
            -67.2443258,45.0036045,0
            -67.2438751,45.0031038,0
            -67.2430383,45.0025424,0
            -67.2425662,45.0019659,0
            -67.24218,45.0012376,0
            -67.2419225,45.0007521,0
            -67.2415363,45.0003424,0
            -67.2410427,44.9999631,0
            -67.2404848,44.9996445,0
            -67.2396909,44.9994169,0
            -67.2390686,44.9992803,0
            -67.2384034,44.9990527,0
            -67.2378885,44.9987493,0
            -67.2374164,44.9983548,0
            -67.2371589,44.9978692,0
            -67.2360216,44.9945158,0
            -67.234584,44.9902061,0
            -67.2339188,44.9883547,0
            -67.2337042,44.9874441,0
            -67.2339402,44.9867308,0
            -67.2344338,44.9861238,0
            -67.2349058,44.9857899,0
            -67.2354208,44.9855167,0
            -67.2361179,44.9852812,0
            -67.2372018,44.9851221,0
            -67.2385322,44.9849248,0
          </coordinates>
        </LineString>
      </Placemark>
    </Folder>
    <Folder>
      <name>ME - Central</name>
      <Placemark>
        <name>Waterville - Benton (Original)</name>
        <description>This is the original track between Waterville and Benton.  Now the right-of-way is used as a recreational path.</description>
        <styleUrl>#line-0000FF-5000</styleUrl>
        <LineString>
          <tessellate>1</tessellate>
          <coordinates>
            -69.61592,44.570816,0
            -69.615383,44.571091,0
            -69.614825,44.571381,0
            -69.613945,44.571595,0
            -69.612894,44.571656,0
            -69.611778,44.571779,0
            -69.610641,44.571916,0
            -69.60974,44.572054,0
            -69.608946,44.57236,0
            -69.608216,44.572864,0
            -69.607615,44.573567,0
            -69.606907,44.574178,0
            -69.606221,44.574713,0
            -69.605319,44.57534,0
            -69.604268,44.576181,0
            -69.603302,44.577098,0
            -69.602337,44.57777,0
            -69.601007,44.578382,0
            -69.599698,44.578856,0
            -69.598238,44.579314,0
            -69.596801,44.579681,0
            -69.595277,44.580002,0
            -69.593818,44.580384,0
            -69.592681,44.580965,0
            -69.591608,44.581591,0
            -69.590535,44.582371,0
            -69.589612,44.583196,0
            -69.58899,44.58448,0
            -69.588497,44.585962,0
            -69.587982,44.587353,0
            -69.587424,44.589401,0
            -69.586909,44.590975,0
            -69.586372,44.592166,0
            -69.585836,44.592839,0
            -69.585321,44.593358,0
            -69.584548,44.593801,0
            -69.583905,44.594122,0
          </coordinates>
        </LineString>
      </Placemark>
      <Placemark>
        <name>Fairfield - Hinckley Branch</name>
        <description>This line, although missing on Google Maps, is active -- used for supplying the power station.</description>
        <styleUrl>#line-0000FF-5000</styleUrl>
        <LineString>
          <tessellate>1</tessellate>
          <coordinates>
            -69.596264,44.58797,0
            -69.596007,44.588199,0
            -69.595867,44.588429,0
            -69.595792,44.588757,0
            -69.595771,44.589093,0
            -69.595792,44.589376,0
            -69.595835,44.589773,0
            -69.595942,44.59027,0
            -69.596146,44.591111,0
            -69.596393,44.592241,0
            -69.59679,44.59406,0
            -69.596951,44.59519,0
            -69.596972,44.59587,0
            -69.596962,44.596474,0
            -69.596822,44.597811,0
            -69.596736,44.59927,0
            -69.596629,44.599835,0
            -69.596457,44.600897,0
            -69.596232,44.601653,0
            -69.596028,44.602364,0
            -69.595503,44.603746,0
            -69.594902,44.605152,0
            -69.59428,44.60658,0
            -69.593582,44.60797,0
            -69.592917,44.609147,0
            -69.592059,44.610392,0
            -69.5912,44.611438,0
            -69.590149,44.6125,0
            -69.588926,44.613653,0
            -69.588068,44.614569,0
            -69.587553,44.615341,0
            -69.58708,44.616242,0
            -69.586576,44.617357,0
            -69.585814,44.619006,0
            -69.584838,44.621328,0
            -69.584323,44.62255,0
            -69.583937,44.623665,0
            -69.583701,44.624833,0
            -69.583712,44.625871,0
            -69.583948,44.62665,0
            -69.58442,44.627437,0
            -69.584999,44.628071,0
            -69.586093,44.629323,0
            -69.587488,44.630873,0
            -69.589076,44.632644,0
            -69.590782,44.634606,0
            -69.592112,44.636072,0
            -69.593346,44.6375,0
            -69.594237,44.638408,0
            -69.595224,44.63924,0
            -69.596554,44.640286,0
            -69.598303,44.641637,0
            -69.599665,44.642759,0
            -69.601007,44.644072,0
            -69.601972,44.645164,0
            -69.602723,44.64592,0
            -69.603399,44.646446,0
            -69.604096,44.646881,0
            -69.605588,44.647706,0
            -69.607605,44.648828,0
            -69.609718,44.649957,0
            -69.61224,44.651331,0
            -69.614525,44.65256,0
            -69.615855,44.653331,0
            -69.617068,44.654186,0
            -69.617958,44.654957,0
            -69.618688,44.655788,0
            -69.61946,44.656758,0
            -69.620104,44.657689,0
            -69.620726,44.658612,0
            -69.621617,44.65981,0
            -69.622647,44.661283,0
            -69.623591,44.662695,0
            -69.624653,44.664145,0
            -69.625661,44.66561,0
            -69.626681,44.667052,0
            -69.627914,44.668769,0
            -69.628966,44.670272,0
            -69.629889,44.671668,0
            -69.630414,44.672538,0
            -69.630693,44.673141,0
            -69.630961,44.673774,0
            -69.631004,44.674453,0
            -69.631037,44.675224,0
            -69.631015,44.676032,0
            -69.631015,44.677146,0
            -69.631069,44.678077,0
            -69.631273,44.679534,0
            -69.631466,44.68109,0
            -69.631659,44.682395,0
            -69.63183,44.683089,0
            -69.632056,44.683577,0
            -69.63271,44.684622,0
            -69.633654,44.686148,0
            -69.634588,44.687597,0
            -69.635382,44.688894,0
            -69.635639,44.689374,0
            -69.635832,44.689954,0
            -69.636004,44.690778,0
            -69.63624,44.691937,0
            -69.636508,44.693447,0
            -69.636852,44.695217,0
            -69.637216,44.697291,0
            -69.637517,44.699083,0
            -69.637828,44.700334,0
            -69.638107,44.701104,0
            -69.638611,44.702095,0
            -69.63933,44.703666,0
            -69.639781,44.704604,0
            -69.640306,44.705573,0
            -69.640896,44.706381,0
            -69.641465,44.707052,0
            -69.642098,44.707731,0
            -69.642677,44.70815,0
            -69.643385,44.708463,0
            -69.644254,44.708562,0
            -69.645166,44.708493,0
            -69.646132,44.70818,0
            -69.647269,44.707662,0
            -69.648546,44.707029,0
            -69.649801,44.706404,0
            -69.650702,44.706045,0
            -69.65155,44.705474,0
            -69.651979,44.704772,0
            -69.652076,44.704025,0
            -69.651968,44.703026,0
            -69.651711,44.702469,0
            -69.651089,44.701798,0
            -69.650413,44.701249,0
            -69.649447,44.700334,0
            -69.648728,44.699701,0
            -69.648267,44.699037,0
            -69.648128,44.698313,0
            -69.648224,44.697733,0
            -69.648653,44.696894,0
            -69.649458,44.69633,0
            -69.650649,44.696239,0
            -69.651775,44.696376,0
            -69.653739,44.696689,0
            -69.655659,44.696978,0
          </coordinates>
        </LineString>
      </Placemark>
      <Placemark>
        <name>Waterville - Augusta</name>
        <description><![CDATA[Not sure why I added this line.  Probably because it wasn't included on Google Maps when I first did it (2008/09/24).  In theory it is still an active line but I doubt that!]]></description>
        <styleUrl>#line-0000FF-5000</styleUrl>
        <LineString>
          <tessellate>1</tessellate>
          <coordinates>
            -69.626048,44.560709,0
            -69.626337,44.560067,0
            -69.626423,44.559562,0
            -69.626402,44.559081,0
            -69.626412,44.558553,0
            -69.626455,44.558163,0
            -69.626627,44.557743,0
            -69.627239,44.556612,0
            -69.627861,44.555457,0
            -69.628022,44.555014,0
            -69.628108,44.554609,0
            -69.628204,44.553684,0
            -69.628344,44.550702,0
            -69.628311,44.550258,0
            -69.628172,44.549937,0
            -69.62785,44.549578,0
            -69.627646,44.549379,0
            -69.626573,44.5485,0
            -69.626015,44.548056,0
            -69.625554,44.54762,0
            -69.625286,44.547299,0
            -69.625221,44.54707,0
            -69.625103,44.546611,0
            -69.625125,44.546015,0
            -69.625264,44.545327,0
            -69.625404,44.544853,0
            -69.625994,44.543591,0
            -69.627024,44.541802,0
            -69.627839,44.540532,0
            -69.628837,44.53898,0
            -69.629374,44.538215,0
            -69.629803,44.537657,0
            -69.630425,44.537114,0
            -69.631208,44.536609,0
            -69.632303,44.536074,0
            -69.636154,44.534055,0
            -69.638397,44.533106,0
            -69.639695,44.53251,0
            -69.640864,44.531852,0
            -69.642109,44.531118,0
            -69.6439,44.530055,0
            -69.645284,44.529259,0
          </coordinates>
        </LineString>
      </Placemark>
      <Placemark>
        <name>Central Maine - Skowhegan Branch</name>
        <description>K288</description>
        <styleUrl>#line-0000FF-5000</styleUrl>
        <LineString>
          <tessellate>1</tessellate>
          <coordinates>
            -69.720676,44.767769,0
            -69.720161,44.767503,0
            -69.719517,44.767107,0
            -69.71897,44.766688,0
            -69.718369,44.766109,0
            -69.717243,44.765263,0
            -69.71602,44.764441,0
            -69.715687,44.764265,0
            -69.715333,44.764128,0
            -69.714711,44.763984,0
            -69.714164,44.763946,0
            -69.713573,44.763953,0
            -69.712844,44.764121,0
            -69.711642,44.764494,0
            -69.710366,44.764913,0
            -69.709464,44.765225,0
            -69.70867,44.765416,0
            -69.70778,44.765591,0
            -69.706997,44.765644,0
            -69.703853,44.765819,0
            -69.701203,44.765896,0
            -69.698929,44.765896,0
            -69.697695,44.765835,0
            -69.696482,44.765621,0
            -69.69541,44.765393,0
            -69.694422,44.765164,0
            -69.69335,44.765096,0
            -69.692266,44.765088,0
            -69.691311,44.765073,0
            -69.690335,44.765033,0
            -69.689455,44.764921,0
            -69.688511,44.764684,0
            -69.687642,44.764372,0
            -69.686526,44.763831,0
            -69.685442,44.763214,0
            -69.68423,44.762513,0
            -69.682878,44.761508,0
            -69.68173,44.760457,0
            -69.680518,44.759306,0
            -69.678823,44.758034,0
            -69.67701,44.75683,0
            -69.674424,44.755093,0
            -69.672557,44.753859,0
            -69.670379,44.752411,0
            -69.66745,44.750558,0
            -69.665272,44.749187,0
            -69.664081,44.748478,0
            -69.662837,44.747619,0
            -69.660476,44.745424,0
            -69.658577,44.743321,0
            -69.65788,44.742254,0
            -69.657354,44.741324,0
            -69.656678,44.739976,0
            -69.656045,44.738581,0
            -69.655337,44.737125,0
            -69.653803,44.734023,0
            -69.651775,44.730258,0
            -69.650778,44.727651,0
            -69.649951,44.724808,0
            -69.649522,44.722491,0
            -69.64919,44.719663,0
            -69.648685,44.716619,0
            -69.648085,44.714623,0
            -69.647377,44.713304,0
            -69.646475,44.712121,0
            -69.645435,44.711192,0
            -69.643611,44.709324,0
            -69.641658,44.707265,0
          </coordinates>
        </LineString>
      </Placemark>
      <Placemark>
        <name>Harmony Branch</name>
        <description><![CDATA[K265<br>Hartland to Harmony]]></description>
        <styleUrl>#line-0000FF-5000</styleUrl>
        <LineString>
          <tessellate>1</tessellate>
          <coordinates>
            -69.452927,44.881497,0
            -69.453528,44.881816,0
            -69.454322,44.882074,0
            -69.455566,44.882439,0
            -69.456146,44.882695,0
            -69.456682,44.882987,0
            -69.45724,44.883272,0
            -69.457755,44.883595,0
            -69.458613,44.884264,0
            -69.459493,44.884948,0
            -69.460588,44.885814,0
            -69.462218,44.8877,0
            -69.463688,44.889749,0
            -69.464836,44.891576,0
            -69.466606,44.895001,0
            -69.467475,44.896805,0
            -69.468334,44.898725,0
            -69.4696,44.901499,0
            -69.470351,44.903189,0
            -69.470748,44.904539,0
            -69.47093,44.90564,0
            -69.470952,44.906624,0
            -69.470994,44.906955,0
            -69.470941,44.907289,0
            -69.470834,44.907654,0
            -69.470651,44.908011,0
            -69.470437,44.908736,0
            -69.470243,44.90939,0
            -69.470254,44.909827,0
            -69.470319,44.91026,0
            -69.470587,44.911658,0
            -69.470909,44.913067,0
            -69.471273,44.914888,0
            -69.471638,44.916365,0
            -69.472024,44.917504,0
            -69.472046,44.917914,0
            -69.472035,44.918762,0
            -69.471864,44.920084,0
            -69.471488,44.921561,0
            -69.471252,44.922454,0
            -69.470962,44.923624,0
            -69.470662,44.924703,0
            -69.470308,44.926085,0
            -69.470168,44.926534,0
            -69.47005,44.926985,0
            -69.470083,44.927514,0
            -69.470158,44.928033,0
            -69.47019,44.928577,0
            -69.470158,44.928873,0
            -69.470072,44.929154,0
            -69.469804,44.929701,0
            -69.469578,44.929959,0
            -69.469299,44.930206,0
            -69.468741,44.930749,0
            -69.46842,44.931144,0
            -69.468184,44.931542,0
            -69.468033,44.932013,0
            -69.46798,44.932329,0
            -69.46799,44.932621,0
            -69.468087,44.93296,0
            -69.468226,44.933304,0
            -69.468677,44.934125,0
            -69.468892,44.93458,0
            -69.468913,44.934808,0
            -69.468892,44.935036,0
            -69.468677,44.935537,0
            -69.468334,44.936282,0
            -69.468055,44.936727,0
            -69.467926,44.937152,0
            -69.467722,44.938071,0
            -69.467529,44.938967,0
            -69.467411,44.939699,0
            -69.467304,44.940038,0
            -69.467293,44.94038,0
            -69.467347,44.940797,0
            -69.467518,44.941218,0
            -69.467905,44.941765,0
            -69.468355,44.94216,0
            -69.468913,44.942752,0
            -69.469578,44.943618,0
            -69.470351,44.944848,0
            -69.471445,44.946645,0
            -69.47226,44.94787,0
            -69.472529,44.948194,0
            -69.472861,44.948508,0
            -69.473205,44.948786,0
            -69.473634,44.94904,0
            -69.474556,44.949526,0
            -69.475372,44.949753,0
            -69.47623,44.94986,0
            -69.477217,44.94992,0
            -69.477968,44.94992,0
            -69.478762,44.949799,0
            -69.479513,44.949647,0
            -69.480522,44.949404,0
            -69.481595,44.949166,0
            -69.482152,44.94912,0
            -69.48271,44.949128,0
            -69.483354,44.949196,0
            -69.484009,44.949318,0
            -69.485371,44.949632,0
            -69.487345,44.950103,0
            -69.490178,44.950801,0
            -69.492474,44.951378,0
            -69.493868,44.951712,0
            -69.494834,44.952062,0
            -69.495649,44.952502,0
            -69.496315,44.953018,0
            -69.497344,44.953914,0
            -69.498525,44.954853,0
            -69.499458,44.955437,0
            -69.500681,44.956022,0
            -69.502172,44.956572,0
            -69.504361,44.957346,0
            -69.505928,44.957893,0
            -69.508116,44.958713,0
            -69.509854,44.959396,0
            -69.512258,44.960246,0
            -69.514639,44.961066,0
            -69.515712,44.961461,0
            -69.51642,44.961871,0
            -69.517107,44.962448,0
            -69.517643,44.963116,0
            -69.518394,44.964042,0
            -69.519038,44.964907,0
            -69.519789,44.965575,0
            -69.520926,44.966061,0
            -69.521956,44.966228,0
            -69.523115,44.966195,0
            -69.524124,44.965955,0
            -69.525218,44.965545,0
            -69.526463,44.965165,0
            -69.527707,44.96474,0
            -69.528909,44.964528,0
            -69.530239,44.964543,0
            -69.53099,44.964654,0
            -69.531741,44.964816,0
            -69.533393,44.96515,0
            -69.535389,44.96556,0
            -69.536537,44.965808,0
            -69.537663,44.966243,0
            -69.538586,44.966729,0
            -69.539316,44.96726,0
            -69.540195,44.968065,0
            -69.541805,44.969583,0
            -69.542845,44.970643,0
            -69.543586,44.971693,0
            -69.544283,44.972783,0
            -69.545528,44.974719,0
            -69.546182,44.975531,0
            -69.546558,44.976457,0
            -69.547405,44.978544,0
          </coordinates>
        </LineString>
      </Placemark>
      <Placemark>
        <name><![CDATA[Wiscasset & Quebec R/R (Winslow Branch)]]></name>
        <description><![CDATA[K23<br>This line was part of the 2-ft guage Wiscasset and Quebec R/R. The route shown here must be considered extremely approximate since the track is hard to follow from satellite/aerial photographs and, since the line only lasted 17 years, it never made it onto the U.S. Topographical maps. In particular, the track between Weeks Mills and South China.K22<br>This line was part of the 2-ft guage Wiscasset and Quebec R/R. The route shown here must be considered extremely approximate since the track is hard to follow from satellite/aerial photographs and, since the line only lasted 13 years, it never made it onto the U.S. Topographical maps.]]></description>
        <styleUrl>#line-009900-5000</styleUrl>
        <LineString>
          <tessellate>1</tessellate>
          <coordinates>
            -69.625232,44.546734,0
            -69.625211,44.546351,0
            -69.625436,44.545036,0
            -69.626348,44.54314,0
            -69.627957,44.540448,0
            -69.628698,44.539263,0
            -69.629416,44.53829,0
            -69.629824,44.537785,0
            -69.630296,44.53732,0
            -69.63124,44.53667,0
            -69.632077,44.536257,0
            -69.634008,44.535263,0
            -69.635661,44.534376,0
            -69.637377,44.533604,0
            -69.638901,44.532984,0
            -69.639641,44.532594,0
            -69.640027,44.53238,0
            -69.640692,44.531997,0
            -69.642001,44.531233,0
            -69.643246,44.530498,0
            -69.644566,44.529741,0
            -69.645274,44.529328,0
            -69.646111,44.528846,0
            -69.646776,44.528479,0
            -69.647473,44.528081,0
            -69.648063,44.527775,0
            -69.648514,44.527538,0
            -69.648782,44.527378,0
            -69.648964,44.527217,0
            -69.648975,44.527079,0
            -69.648911,44.526881,0
            -69.648718,44.526712,0
            -69.648246,44.526261,0
            -69.647677,44.525596,0
            -69.647033,44.524922,0
            -69.646336,44.52415,0
            -69.645284,44.522987,0
            -69.645231,44.522551,0
            -69.645177,44.521985,0
            -69.645005,44.52145,0
            -69.644769,44.520891,0
            -69.644469,44.52021,0
            -69.644169,44.519621,0
            -69.643836,44.519094,0
            -69.643482,44.518527,0
            -69.643182,44.518046,0
            -69.642978,44.517418,0
            -69.642806,44.516638,0
            -69.642591,44.515819,0
            -69.643761,44.508704,0
            -69.643621,44.508146,0
            -69.643621,44.507602,0
            -69.643686,44.50709,0
            -69.643729,44.506707,0
            -69.643664,44.506248,0
            -69.643375,44.505911,0
            -69.642709,44.505651,0
            -69.642473,44.505215,0
            -69.642506,44.504588,0
            -69.642463,44.503432,0
            -69.642398,44.502468,0
            -69.642377,44.501274,0
            -69.642259,44.500379,0
            -69.642119,44.499631,0
            -69.641883,44.498942,0
            -69.641454,44.498207,0
            -69.640617,44.497427,0
            -69.63963,44.496478,0
            -69.638772,44.495514,0
            -69.637849,44.494595,0
            -69.636776,44.49409,0
            -69.635704,44.493631,0
            -69.634523,44.493141,0
            -69.633622,44.492651,0
            -69.63285,44.492223,0
            -69.632163,44.491763,0
            -69.631584,44.491304,0
            -69.631155,44.49086,0
            -69.630747,44.490279,0
            -69.630232,44.489146,0
            -69.629631,44.488028,0
            -69.628901,44.486926,0
            -69.628472,44.486176,0
            -69.628108,44.485273,0
            -69.627829,44.484155,0
            -69.62808,44.48515,0
            -69.62748,44.48224,0
            -69.62702,44.4793,0
            -69.62652,44.47435,0
            -69.62615,44.47155,0
            -69.62603,44.47105,0
            -69.62566,44.47012,0
            -69.62297,44.46482,0
            -69.62118,44.46143,0
            -69.62074,44.46087,0
            -69.62019,44.46032,0
            -69.61821,44.45866,0
            -69.6177,44.45803,0
            -69.61718,44.4572,0
            -69.61671,44.45626,0
            -69.61612,44.45548,0
            -69.61561,44.45446,0
            -69.61499,44.45338,0
            -69.61428,44.45233,0
            -69.61376,44.45145,0
            -69.61285,44.44971,0
            -69.60891,44.44305,0
            -69.60865,44.4427,0
            -69.60796,44.44204,0
            -69.60755,44.44174,0
            -69.60715,44.44153,0
            -69.59985,44.43797,0
            -69.59675,44.43639,0
            -69.5962,44.4362,0
            -69.59592,44.43615,0
            -69.59507,44.43613,0
            -69.59445,44.43619,0
            -69.59404,44.43614,0
            -69.5934,44.43596,0
            -69.59315,44.43583,0
            -69.59287,44.43565,0
            -69.5883,44.4313,0
            -69.58684,44.42979,0
            -69.58546,44.42854,0
            -69.58512,44.4282,0
            -69.58487,44.42779,0
            -69.58462,44.42719,0
            -69.5841,44.42131,0
            -69.58387,44.415,0
            -69.58393,44.41386,0
            -69.58472,44.41178,0
            -69.58495,44.41098,0
            -69.58496,44.41047,0
            -69.58481,44.40996,0
            -69.58421,44.4084,0
            -69.58348,44.40661,0
            -69.58291,44.40547,0
            -69.58269,44.40517,0
            -69.5817,44.40453,0
            -69.58141,44.40429,0
            -69.58115,44.40398,0
            -69.58102,44.40364,0
            -69.581,44.40322,0
            -69.58114,44.40283,0
            -69.5814,44.40251,0
            -69.58269,44.40117,0
            -69.58308,44.40066,0
            -69.58343,44.4001,0
            -69.5837,44.39947,0
            -69.58372,44.39901,0
            -69.58347,44.39813,0
            -69.58284,44.39714,0
            -69.58256,44.39671,0
            -69.58189,44.39595,0
            -69.58133,44.39554,0
            -69.58062,44.39514,0
            -69.57964,44.39469,0
            -69.57851,44.3942,0
            -69.57603,44.3934,0
            -69.57058,44.39178,0
            -69.566814,44.388823,0
            -69.566669,44.388685,0
            -69.566545,44.388532,0
            -69.566481,44.38839,0
            -69.56624,44.387301,0
            -69.566181,44.386987,0
            -69.566127,44.386849,0
            -69.565607,44.386051,0
            -69.564984,44.385288,0
            -69.564877,44.38517,0
            -69.564743,44.385058,0
            -69.564625,44.384959,0
            -69.564443,44.384848,0
            -69.564137,44.384763,0
            -69.563794,44.384702,0
            -69.56345,44.38466,0
            -69.563048,44.38464,0
            -69.562538,44.384621,0
            -69.562286,44.384591,0
            -69.562045,44.384537,0
            -69.561803,44.38446,0
            -69.561605,44.384387,0
            -69.561165,44.384177,0
            -69.560655,44.383908,0
            -69.560521,44.383828,0
            -69.560355,44.383648,0
            -69.560215,44.38346,0
            -69.560076,44.383256,0
            -69.559974,44.383061,0
            -69.559899,44.382835,0
            -69.55989,44.38261,0
            -69.559523,44.380841,0
            -69.559314,44.379771,0
            -69.559116,44.378801,0
            -69.558751,44.377283,0
            -69.558225,44.375769,0
            -69.557694,44.374204,0
            -69.557431,44.373395,0
            -69.557351,44.373211,0
            -69.557281,44.373069,0
            -69.55701,44.37264,0
            -69.556117,44.371378,0
            -69.555854,44.370956,0
            -69.55528,44.37009,0
            -69.554712,44.369307,0
            -69.55401,44.36857,0
            -69.553333,44.367946,0
            -69.552614,44.367325,0
            -69.551316,44.366339,0
            -69.551128,44.366205,0
            -69.550812,44.366002,0
            -69.550388,44.365775,0
            -69.550028,44.365645,0
            -69.548698,44.365212,0
            -69.547175,44.364805,0
            -69.546971,44.364732,0
            -69.546847,44.364671,0
            -69.546488,44.364452,0
            -69.546107,44.364134,0
            -69.545892,44.363831,0
            -69.545715,44.363509,0
            -69.545635,44.363229,0
            -69.5456,44.36295,0
            -69.545619,44.362619,0
            -69.54564,44.36252,0
            -69.545656,44.362439,0
            -69.545694,44.362366,0
            -69.545769,44.362236,0
            -69.545941,44.362029,0
          </coordinates>
        </LineString>
      </Placemark>
      <Placemark>
        <name><![CDATA[Wiscasset & Quebec R/R]]></name>
        <description><![CDATA[K82<br>Wiscasset to Albion via Weeks Mills.  Operated 1895 to 1933 as 2' gauge.  This line never was marked on the topographical maps so in places the route shown is VERY approximate!  Beyond Albion, the line was extended 11 more miles to Burnham but never operated (RDK2:13).<br>The section near Wiscasset is pretty much a complete guess.  North of the museum, it is much more accurate.]]></description>
        <styleUrl>#line-009900-5000</styleUrl>
        <LineString>
          <tessellate>1</tessellate>
          <coordinates>
            -69.66244,44.004723,0
            -69.662064,44.005194,0
            -69.661796,44.005765,0
            -69.661592,44.006344,0
            -69.661249,44.007239,0
            -69.660895,44.008474,0
            -69.660348,44.009099,0
            -69.659961,44.009268,0
            -69.659103,44.00933,0
            -69.658792,44.009338,0
            -69.658502,44.009361,0
            -69.658245,44.009438,0
            -69.65802,44.009531,0
            -69.657869,44.009708,0
            -69.657773,44.009955,0
            -69.657065,44.01156,0
            -69.657215,44.012139,0
            -69.657601,44.012687,0
            -69.657934,44.013142,0
            -69.65817,44.013628,0
            -69.658202,44.014106,0
            -69.658073,44.014554,0
            -69.657837,44.014724,0
            -69.65758,44.014886,0
            -69.657097,44.015148,0
            -69.656925,44.015271,0
            -69.656807,44.015426,0
            -69.656603,44.01575,0
            -69.656507,44.01612,0
            -69.656239,44.016367,0
            -69.655756,44.016498,0
            -69.655209,44.016552,0
            -69.654844,44.016668,0
            -69.654329,44.017663,0
            -69.653642,44.019021,0
            -69.653224,44.020703,0
            -69.653009,44.021359,0
            -69.65229,44.022223,0
            -69.651,44.02361,0
            -69.65038,44.02418,0
            -69.64905,44.02557,0
            -69.64739,44.02773,0
            -69.64573,44.03005,0
            -69.645,44.03127,0
            -69.64409,44.03234,0
            -69.64177,44.03542,0
            -69.64142,44.0358,0
            -69.64093,44.03625,0
            -69.64058,44.03643,0
            -69.64018,44.03654,0
            -69.63978,44.03656,0
            -69.6391,44.0365,0
            -69.6388,44.03653,0
            -69.63793,44.03673,0
            -69.63743,44.03704,0
            -69.63701,44.03754,0
            -69.6365,44.03803,0
            -69.63618,44.03857,0
            -69.63594,44.03926,0
            -69.63559,44.03989,0
            -69.63394,44.04249,0
            -69.63369,44.04301,0
            -69.62691,44.0547,0
            -69.62645,44.05573,0
            -69.62509,44.05817,0
            -69.62143,44.06356,0
            -69.62131,44.06383,0
            -69.62138,44.06444,0
            -69.62285,44.06763,0
            -69.6229,44.06834,0
            -69.62273,44.06894,0
            -69.6226,44.0692,0
            -69.62213,44.06978,0
            -69.62156,44.07034,0
            -69.62139,44.07057,0
            -69.6213,44.07088,0
            -69.62154,44.07463,0
            -69.62164,44.07512,0
            -69.62218,44.07637,0
            -69.6227,44.07779,0
            -69.62482,44.08589,0
            -69.62528,44.08728,0
            -69.62532,44.08756,0
            -69.62529,44.09027,0
            -69.62546,44.09143,0
            -69.62538,44.09267,0
            -69.62491,44.09445,0
            -69.6203,44.10064,0
            -69.61952,44.10113,0
            -69.61897,44.10168,0
            -69.61758,44.10386,0
            -69.61741,44.10406,0
            -69.61731,44.10429,0
            -69.61729,44.1045,0
            -69.61767,44.1056,0
            -69.61805,44.10647,0
            -69.61861,44.10726,0
            -69.61885,44.10754,0
            -69.61973,44.10827,0
            -69.62127,44.1092,0
            -69.62161,44.10949,0
            -69.62194,44.10991,0
            -69.62253,44.11109,0
            -69.62356,44.11255,0
            -69.6259,44.11467,0
            -69.62869,44.1171,0
            -69.62949,44.11791,0
            -69.62995,44.11861,0
            -69.63017,44.11884,0
            -69.63088,44.11918,0
            -69.63129,44.11953,0
            -69.63166,44.12,0
            -69.63184,44.12038,0
            -69.63186,44.12084,0
            -69.63165,44.12246,0
            -69.63139,44.12325,0
            -69.63068,44.12503,0
            -69.62894,44.12763,0
            -69.62845,44.1286,0
            -69.62808,44.12957,0
            -69.62491,44.13522,0
            -69.62421,44.13713,0
            -69.62227,44.14038,0
            -69.62096,44.14194,0
            -69.62093,44.14332,0
            -69.61958,44.1468,0
            -69.61774,44.14883,0
            -69.61541,44.15329,0
            -69.6154,44.15374,0
            -69.61564,44.15419,0
            -69.61679,44.15477,0
            -69.6186,44.15636,0
            -69.619,44.15771,0
            -69.61896,44.15806,0
            -69.6186,44.15903,0
            -69.61851,44.1602,0
            -69.61937,44.16201,0
            -69.61964,44.16298,0
            -69.61964,44.16373,0
            -69.6189,44.16546,0
            -69.61903,44.16668,0
            -69.6188,44.16772,0
            -69.61894,44.16851,0
            -69.61908,44.16867,0
            -69.61973,44.16903,0
            -69.62177,44.16971,0
            -69.6245,44.1718,0
            -69.62491,44.17231,0
            -69.62499,44.17279,0
            -69.62495,44.17354,0
            -69.62465,44.17432,0
            -69.6241,44.17498,0
            -69.6224,44.17606,0
            -69.62164,44.177,0
            -69.61968,44.17973,0
            -69.61903,44.1811,0
            -69.61844,44.18258,0
            -69.61838,44.18284,0
            -69.61835,44.18389,0
            -69.61862,44.18672,0
            -69.61883,44.18747,0
            -69.61913,44.18802,0
            -69.61958,44.18869,0
            -69.61978,44.18914,0
            -69.61985,44.18946,0
            -69.61983,44.18979,0
            -69.61967,44.19045,0
            -69.61901,44.19206,0
            -69.61831,44.19428,0
            -69.61764,44.19522,0
            -69.61715,44.19578,0
            -69.61397,44.19872,0
            -69.60468,44.2075,0
            -69.59785,44.2126,0
            -69.59517,44.21466,0
            -69.59447,44.2153,0
            -69.59191,44.21645,0
            -69.59119,44.21693,0
            -69.5906,44.2174,0
            -69.58888,44.21848,0
            -69.58728,44.2196,0
            -69.58641,44.22023,0
            -69.58572,44.22081,0
            -69.58564,44.22096,0
            -69.58563,44.22111,0
            -69.58582,44.22142,0
            -69.58606,44.22203,0
            -69.58622,44.2227,0
            -69.58615,44.22322,0
            -69.58586,44.2237,0
            -69.58543,44.22414,0
            -69.58479,44.22458,0
            -69.5835,44.22509,0
            -69.58316,44.22534,0
            -69.58294,44.22581,0
            -69.58263,44.2273,0
            -69.58225,44.22876,0
            -69.5821,44.23042,0
            -69.58219,44.23086,0
            -69.58221,44.23127,0
            -69.58205,44.23181,0
            -69.58169,44.2323,0
            -69.58115,44.23282,0
            -69.57946,44.23507,0
            -69.5753,44.23822,0
            -69.5736,44.23943,0
            -69.57197,44.24086,0
            -69.5686,44.24397,0
            -69.56761,44.24471,0
            -69.56695,44.24569,0
            -69.56588,44.24795,0
            -69.56545,44.2487,0
            -69.56482,44.24952,0
            -69.56373,44.25079,0
            -69.56354,44.25113,0
            -69.56317,44.25148,0
            -69.5604,44.25497,0
            -69.55442,44.26292,0
            -69.55308,44.26618,0
            -69.55304,44.26687,0
            -69.55317,44.26744,0
            -69.55592,44.27398,0
            -69.56017,44.28151,0
            -69.56267,44.28437,0
            -69.56288,44.28474,0
            -69.56304,44.28525,0
            -69.56302,44.2858,0
            -69.56251,44.28755,0
            -69.5611,44.291,0
            -69.55793,44.29978,0
            -69.55597,44.30367,0
            -69.55515,44.30545,0
            -69.55445,44.30724,0
            -69.55424,44.30893,0
            -69.55461,44.31197,0
            -69.55544,44.31308,0
            -69.55578,44.31352,0
            -69.56099,44.31795,0
            -69.56196,44.31882,0
            -69.56229,44.31918,0
            -69.56276,44.32004,0
            -69.56291,44.32086,0
            -69.56293,44.32135,0
            -69.56272,44.32215,0
            -69.56246,44.32266,0
            -69.5621,44.32315,0
            -69.56098,44.32429,0
            -69.56052,44.32494,0
            -69.56033,44.32546,0
            -69.56034,44.32605,0
            -69.56048,44.32655,0
            -69.56083,44.32717,0
            -69.56298,44.3302,0
            -69.56467,44.33275,0
            -69.565,44.33341,0
            -69.56513,44.334,0
            -69.56517,44.33473,0
            -69.56504,44.33569,0
            -69.56485,44.33639,0
            -69.56448,44.33697,0
            -69.56397,44.3376,0
            -69.56254,44.33913,0
            -69.56105,44.34086,0
            -69.55943,44.34292,0
            -69.55869,44.34421,0
            -69.55822,44.34478,0
            -69.55758,44.34532,0
            -69.5557,44.34645,0
            -69.55472,44.34767,0
            -69.55135,44.35157,0
            -69.55065,44.35203,0
            -69.54921,44.35284,0
            -69.54741,44.35446,0
            -69.54683,44.35506,0
            -69.54659,44.3555,0
            -69.54647,44.3559,0
            -69.54612,44.35906,0
            -69.54613,44.35968,0
            -69.54642,44.36047,0
            -69.54648,44.36091,0
            -69.54639,44.36138,0
            -69.54616,44.36176,0
            -69.54167,44.36608,0
            -69.538,44.36942,0
            -69.53277,44.37353,0
            -69.53193,44.3745,0
            -69.53126,44.37594,0
            -69.5306,44.37778,0
            -69.53034,44.37881,0
            -69.52968,44.37977,0
            -69.52863,44.38095,0
            -69.52749,44.38209,0
            -69.52616,44.3831,0
            -69.52466,44.38406,0
            -69.52247,44.38516,0
            -69.52084,44.38571,0
            -69.52006,44.38633,0
            -69.51929,44.38706,0
            -69.51109,44.39181,0
            -69.50796,44.39402,0
            -69.50564,44.39595,0
            -69.50509,44.39681,0
            -69.50436,44.39841,0
            -69.50311,44.4,0
            -69.50079,44.40095,0
            -69.49946,44.40169,0
            -69.49788,44.40212,0
            -69.49676,44.40307,0
            -69.49474,44.40521,0
            -69.49294,44.40751,0
            -69.49045,44.41027,0
            -69.48938,44.41134,0
            -69.48826,44.41235,0
            -69.48723,44.41358,0
            -69.48685,44.41434,0
            -69.48629,44.41514,0
            -69.48595,44.41618,0
            -69.48577,44.41726,0
            -69.48616,44.41854,0
            -69.48702,44.42008,0
            -69.48753,44.42222,0
            -69.48473,44.42644,0
            -69.48397,44.42702,0
            -69.48379,44.42739,0
            -69.48363,44.42812,0
            -69.48357,44.4286,0
            -69.48367,44.42906,0
            -69.48391,44.4295,0
            -69.48504,44.43047,0
            -69.48625,44.4314,0
            -69.48723,44.43295,0
            -69.48919,44.43909,0
            -69.49015,44.44186,0
            -69.49032,44.44718,0
            -69.49041,44.44793,0
            -69.4908,44.44888,0
            -69.49125,44.44948,0
            -69.49341,44.45179,0
            -69.4947,44.45307,0
            -69.49751,44.45607,0
            -69.4994,44.45798,0
            -69.50026,44.45916,0
            -69.50174,44.46258,0
            -69.50238,44.46466,0
            -69.50311,44.46668,0
            -69.50363,44.46863,0
            -69.50556,44.47394,0
            -69.5068,44.47782,0
            -69.50697,44.47862,0
            -69.50691,44.47931,0
            -69.5061829,44.4815372,0
            -69.50588,44.48253,0
            -69.505584,44.4832516,0
            -69.5049315,44.4843236,0
            -69.5040121,44.4859221,0
            -69.5032,44.48749,0
            -69.50273,44.48799,0
            -69.50195,44.4885612,0
            -69.50097,44.48934,0
            -69.49929,44.49066,0
            -69.49848,44.49153,0
            -69.49753,44.49337,0
            -69.49713,44.49436,0
            -69.49676,44.49494,0
            -69.49603,44.49572,0
            -69.4927336,44.4982169,0
            -69.4914396,44.49921,0
            -69.490134,44.500217,0
            -69.48934,44.50085,0
            -69.4882962,44.5016765,0
            -69.4874779,44.5023956,0
            -69.4869454,44.5029501,0
            -69.4866413,44.5035971,0
            -69.48638,44.50447,0
            -69.4860027,44.5053977,0
            -69.48546,44.50667,0
            -69.4850644,44.5074183,0
            -69.48472,44.50793,0
            -69.48421,44.50841,0
            -69.4834646,44.5089197,0
            -69.4826549,44.5093682,0
            -69.480626,44.510065,0
            -69.4776336,44.510627,0
            -69.4739381,44.5112409,0
            -69.471442,44.511626,0
            -69.4705,44.51187,0
            -69.468892,44.512479,0
            -69.4680784,44.5129245,0
            -69.4673934,44.5134312,0
            -69.4669503,44.5138756,0
            -69.46655,44.51432,0
            -69.4654622,44.5157612,0
            -69.46453,44.51701,0
            -69.4640738,44.5173191,0
            -69.4635532,44.5175823,0
            -69.461976,44.518373,0
            -69.45848,44.5202,0
            -69.4575234,44.52081,0
            -69.4565791,44.5216332,0
            -69.455742,44.5226247,0
            -69.4509485,44.5282912,0
            -69.4505742,44.5288676,0
            -69.4502783,44.5295159,0
            -69.449488,44.531729,0
            -69.4490598,44.5325029,0
            -69.4463742,44.5357957,0
            -69.4451691,44.5371,0
            -69.443572,44.538037,0
            -69.4431342,44.5386788,0
            -69.44288,44.53934,0
            -69.4425842,44.5416259,0
            -69.4424042,44.5426171,0
            -69.4418058,44.5442418,0
            -69.44136,44.54552,0
            -69.44095,44.54624,0
            -69.43988,44.54875,0
            -69.43975,44.54933,0
            -69.43975,44.54993,0
            -69.43985,44.55102,0
            -69.43976,44.55151,0
            -69.43931,44.55236,0
            -69.4384,44.55557,0
            -69.4376,44.55807,0
            -69.43734,44.55933,0
            -69.43726,44.56268,0
            -69.43747,44.56338,0
            -69.43795,44.56384,0
            -69.43983,44.565,0
            -69.44432,44.5676,0
            -69.44855,44.57027,0
            -69.4493,44.57116,0
            -69.44998,44.57208,0
            -69.45273,44.57594,0
            -69.45288,44.57651,0
            -69.45286,44.57704,0
            -69.45271,44.57753,0
            -69.45041,44.58169,0
            -69.45008,44.58242,0
            -69.4496,44.58388,0
            -69.44809,44.58764,0
            -69.44796,44.58841,0
            -69.4479,44.58985,0
            -69.44778,44.59068,0
            -69.44756,44.5915,0
            -69.44565,44.59483,0
            -69.44464,44.59613,0
            -69.44346,44.5972,0
            -69.43964,44.60139,0
            -69.4361674,44.6192651,0
            -69.42943,44.63714,0
            -69.42217,44.6623,0
            -69.42172,44.66454,0
            -69.42172,44.67107,0
            -69.42162,44.67915,0
            -69.42164,44.68023,0
            -69.42174,44.6814,0
            -69.42192,44.68198,0
            -69.42277,44.68409,0
            -69.42421,44.68621,0
            -69.42589,44.68815,0
            -69.42782,44.68972,0
            -69.42883,44.69083,0
            -69.42921,44.69198,0
            -69.42932,44.69254,0
            -69.42917,44.69312,0
            -69.42842,44.69428,0
          </coordinates>
        </LineString>
      </Placemark>
      <Placemark>
        <name>Gorges Valley RR</name>
        <description><![CDATA[K68<br>Warren to Union<br>Very approximate.]]></description>
        <styleUrl>#line-0000FF-5000</styleUrl>
        <LineString>
          <tessellate>1</tessellate>
          <coordinates>
            -69.277382,44.109972,0
            -69.278927,44.110897,0
            -69.282446,44.117367,0
            -69.282017,44.119154,0
            -69.280729,44.120325,0
            -69.279099,44.122912,0
            -69.279871,44.124145,0
            -69.28236,44.126547,0
            -69.283133,44.127533,0
            -69.282961,44.129443,0
            -69.283218,44.130429,0
            -69.283133,44.131661,0
            -69.28133,44.133632,0
            -69.281073,44.135234,0
            -69.279356,44.13702,0
            -69.278326,44.137883,0
            -69.274378,44.139977,0
            -69.27237,44.14176,0
            -69.27079,44.14468,0
            -69.27073,44.14488,0
            -69.2712,44.14589,0
            -69.27135,44.14657,0
            -69.27126,44.14721,0
            -69.27103,44.14786,0
            -69.271,44.14965,0
            -69.2721,44.15462,0
            -69.27227,44.15579,0
            -69.2727,44.15691,0
            -69.27369,44.15754,0
            -69.2748,44.15791,0
            -69.27557,44.15822,0
            -69.27622,44.15864,0
            -69.27763,44.16208,0
            -69.27884,44.16567,0
            -69.27886,44.16823,0
            -69.27901,44.16909,0
            -69.27905,44.16973,0
            -69.27897,44.17033,0
            -69.27877,44.17089,0
            -69.27352,44.17987,0
            -69.27279,44.18312,0
            -69.27279,44.18349,0
            -69.2733,44.18463,0
            -69.27345,44.18532,0
            -69.27345,44.18594,0
            -69.27276,44.18714,0
            -69.27246,44.18754,0
            -69.27158,44.18922,0
            -69.26959,44.19172,0
            -69.26914,44.19254,0
            -69.2686,44.19419,0
            -69.26854,44.19457,0
            -69.26841,44.19494,0
            -69.26821,44.19523,0
            -69.26796,44.19551,0
            -69.26545,44.19754,0
            -69.26519,44.19792,0
            -69.26513,44.19837,0
            -69.26549,44.19945,0
            -69.26573,44.20135,0
            -69.26607,44.20269,0
            -69.26641,44.20338,0
            -69.26684,44.20402,0
            -69.2671,44.20475,0
            -69.26744,44.20546,0
            -69.26791,44.206,0
            -69.27008,44.20771,0
            -69.27227,44.2088,0
            -69.27418,44.20958,0
            -69.27611,44.21029,0
          </coordinates>
        </LineString>
      </Placemark>
      <Placemark>
        <name>Kennebec River Rail Trail</name>
        <styleUrl>#line-FFFF00-3000-nodesc</styleUrl>
        <LineString>
          <tessellate>1</tessellate>
          <coordinates>
            -69.645327,44.529213,0
            -69.646271,44.52867,0
            -69.647301,44.528066,0
            -69.648385,44.527431,0
            -69.649361,44.52685,0
            -69.650424,44.526116,0
            -69.651797,44.525007,0
            -69.652773,44.524135,0
            -69.654104,44.522995,0
            -69.655348,44.521916,0
            -69.656518,44.520907,0
            -69.657505,44.520027,0
            -69.658631,44.519071,0
            -69.659725,44.518107,0
            -69.660938,44.517043,0
            -69.6623,44.515865,0
            -69.664199,44.514228,0
            -69.66568,44.51292,0
            -69.666935,44.511818,0
            -69.66818,44.510678,0
            -69.669038,44.509829,0
            -69.670036,44.508597,0
            -69.670883,44.507526,0
            -69.671409,44.506753,0
            -69.672117,44.505598,0
            -69.672782,44.504282,0
            -69.673276,44.503233,0
            -69.673984,44.501772,0
            -69.674628,44.500456,0
            -69.675379,44.499124,0
            -69.676141,44.497953,0
            -69.676731,44.496874,0
            -69.67702,44.496032,0
            -69.677299,44.494678,0
            -69.677664,44.492979,0
            -69.677911,44.491609,0
            -69.67819,44.490155,0
            -69.678437,44.489634,0
            -69.678855,44.488877,0
            -69.67967,44.487767,0
            -69.680357,44.486733,0
            -69.68084,44.485731,0
            -69.681033,44.485226,0
            -69.681323,44.484047,0
            -69.681644,44.482723,0
            -69.681891,44.481674,0
            -69.681977,44.480916,0
            -69.681956,44.479898,0
            -69.681816,44.479064,0
            -69.681548,44.478214,0
            -69.68129,44.47728,0
            -69.681247,44.476583,0
            -69.681344,44.47581,0
            -69.681655,44.475006,0
            -69.681998,44.474225,0
            -69.68232,44.47346,0
            -69.682481,44.472817,0
            -69.682589,44.472097,0
            -69.682631,44.471155,0
            -69.682728,44.470168,0
            -69.682782,44.469341,0
            -69.682986,44.468667,0
            -69.683329,44.467809,0
            -69.68349,44.467243,0
            -69.683533,44.466783,0
            -69.683501,44.466194,0
            -69.683468,44.465084,0
            -69.683372,44.464058,0
            -69.683222,44.462564,0
            -69.683232,44.46186,0
            -69.683447,44.460727,0
            -69.683576,44.460313,0
            -69.683758,44.459877,0
            -69.68423,44.458942,0
            -69.684595,44.458207,0
            -69.68511,44.456974,0
            -69.685593,44.455849,0
            -69.685979,44.45493,0
            -69.686548,44.453842,0
            -69.687502,44.45228,0
            -69.688329,44.450901,0
            -69.688962,44.449929,0
            -69.68953,44.449048,0
            -69.690206,44.447999,0
            -69.690882,44.446919,0
            -69.691633,44.445754,0
            -69.692245,44.444736,0
            -69.692856,44.443816,0
            -69.693296,44.442982,0
            -69.693725,44.442001,0
            -69.694111,44.440959,0
            -69.694455,44.439918,0
            -69.694787,44.438814,0
            -69.695227,44.437543,0
            -69.695688,44.436218,0
            -69.696118,44.435459,0
            -69.696643,44.434593,0
            -69.697244,44.433705,0
            -69.697587,44.433061,0
            -69.697877,44.432165,0
            -69.698178,44.430893,0
            -69.698414,44.430089,0
            -69.698607,44.429353,0
            -69.699068,44.428411,0
            -69.699529,44.427361,0
            -69.700195,44.426288,0
            -69.700763,44.425522,0
            -69.701729,44.424503,0
            -69.702415,44.423829,0
            -69.702898,44.423323,0
            -69.703445,44.422641,0
            -69.704411,44.421369,0
            -69.705344,44.420082,0
            -69.706364,44.418703,0
            -69.707308,44.41743,0
            -69.708434,44.415936,0
            -69.709314,44.414741,0
            -69.710237,44.413468,0
            -69.711224,44.412127,0
            -69.712007,44.411154,0
            -69.71279,44.410411,0
            -69.713745,44.409759,0
            -69.714507,44.409368,0
            -69.715548,44.40897,0
            -69.716481,44.40864,0
            -69.717597,44.408249,0
            -69.718659,44.407751,0
            -69.719378,44.407307,0
            -69.720258,44.406601,0
            -69.720955,44.405935,0
            -69.721609,44.405153,0
            -69.722049,44.404586,0
            -69.722382,44.404195,0
            -69.72294,44.403451,0
            -69.723358,44.402777,0
            -69.723787,44.401987,0
            -69.724474,44.400584,0
            -69.72515,44.399166,0
            -69.725654,44.398101,0
            -69.726126,44.397089,0
            -69.726738,44.395755,0
            -69.727263,44.394413,0
            -69.727553,44.393363,0
            -69.727682,44.392658,0
            -69.727714,44.391914,0
            -69.72766,44.391033,0
            -69.727467,44.390113,0
            -69.727156,44.389223,0
            -69.726684,44.388088,0
            -69.726255,44.387053,0
            -69.725718,44.385796,0
            -69.725461,44.385121,0
            -69.725128,44.384147,0
            -69.724946,44.383227,0
            -69.724839,44.382507,0
            -69.724785,44.381886,0
            -69.724957,44.381149,0
            -69.725332,44.380237,0
            -69.725869,44.379508,0
            -69.726609,44.378673,0
            -69.727585,44.377599,0
            -69.728165,44.37697,0
            -69.728658,44.376433,0
            -69.72912,44.375705,0
            -69.729656,44.374915,0
            -69.73031,44.374094,0
            -69.731104,44.37322,0
            -69.731973,44.372254,0
            -69.732928,44.37128,0
            -69.733744,44.370421,0
            -69.734473,44.369777,0
            -69.735535,44.368994,0
            -69.736683,44.368135,0
            -69.737509,44.36753,0
            -69.737885,44.367184,0
            -69.738303,44.366763,0
            -69.739054,44.365858,0
            -69.739752,44.364929,0
            -69.740396,44.363963,0
            -69.741597,44.362429,0
            -69.742466,44.361324,0
            -69.743582,44.35979,0
            -69.744312,44.358824,0
            -69.745224,44.357719,0
            -69.746425,44.356384,0
            -69.747648,44.354981,0
            -69.748807,44.35363,0
            -69.750062,44.352219,0
            -69.751028,44.351152,0
            -69.751672,44.350286,0
            -69.752347,44.34935,0
            -69.753163,44.348214,0
            -69.753968,44.347109,0
            -69.754772,44.34605,0
            -69.755749,44.3447,0
            -69.756671,44.343411,0
            -69.757712,44.341992,0
            -69.758538,44.340871,0
            -69.759257,44.339897,0
            -69.760083,44.338753,0
            -69.760727,44.337902,0
            -69.76137,44.337081,0
            -69.762068,44.336321,0
            -69.762808,44.3355,0
            -69.763248,44.334924,0
            -69.763548,44.334448,0
            -69.763752,44.334003,0
            -69.764031,44.33332,0
            -69.764439,44.332208,0
            -69.764975,44.330911,0
            -69.765329,44.329913,0
            -69.765737,44.328831,0
            -69.766016,44.327887,0
            -69.76622,44.326759,0
            -69.76652,44.325538,0
            -69.766767,44.324571,0
            -69.767175,44.323604,0
            -69.76754,44.322844,0
            -69.767743,44.322253,0
            -69.768044,44.32147,0
            -69.768387,44.320948,0
            -69.768956,44.320457,0
            -69.769578,44.320096,0
            -69.770286,44.31982,0
            -69.771155,44.319513,0
            -69.772174,44.319137,0
            -69.772754,44.318876,0
            -69.773151,44.318607,0
            -69.773483,44.318269,0
            -69.773698,44.31774,0
            -69.7741,44.31697,0
            -69.77509,44.3148,0
            -69.77543,44.31393,0
            -69.77549,44.31363,0
            -69.77536,44.31282,0
            -69.77507,44.31227,0
            -69.7747,44.31177,0
            -69.77447,44.31127,0
            -69.77439,44.31087,0
            -69.7744,44.31048,0
            -69.77483,44.30875,0
            -69.77507,44.30671,0
            -69.77518,44.30629,0
            -69.77669,44.30275,0
            -69.77773,44.30138,0
            -69.77987,44.29918,0
            -69.78097,44.29786,0
            -69.78165,44.29659,0
            -69.78225,44.29481,0
            -69.78293,44.2937,0
            -69.78332,44.29319,0
            -69.78388,44.29258,0
            -69.78427,44.29223,0
            -69.78622,44.29111,0
            -69.78706,44.29051,0
            -69.78985,44.28879,0
            -69.79077,44.28816,0
            -69.79121,44.2877,0
            -69.79145,44.28737,0
            -69.79208,44.28585,0
            -69.79258,44.28441,0
            -69.79266,44.28392,0
            -69.79284,44.28085,0
            -69.79302,44.27917,0
            -69.79301,44.2787,0
            -69.79283,44.27764,0
            -69.79222,44.27496,0
            -69.79202,44.27439,0
            -69.7917,44.2737,0
            -69.7913,44.27301,0
            -69.79076,44.27233,0
            -69.79009,44.27169,0
            -69.78683,44.26923,0
            -69.78541,44.26822,0
            -69.78098,44.26564,0
            -69.77989,44.26494,0
            -69.77892,44.26414,0
            -69.77701,44.26238,0
            -69.77501,44.26072,0
            -69.7743,44.26003,0
            -69.77367,44.25931,0
            -69.77315,44.25856,0
            -69.77274,44.25777,0
            -69.77258,44.25723,0
            -69.77251,44.25668,0
            -69.77225,44.25331,0
            -69.7718,44.25059,0
            -69.7714,44.24908,0
            -69.77047,44.24617,0
            -69.77028,44.24509,0
            -69.77025,44.2446,0
            -69.77039,44.24168,0
            -69.77045,44.24126,0
            -69.77054,44.24081,0
            -69.7712,44.23875,0
            -69.77173,44.23551,0
            -69.77184,44.23465,0
            -69.77186,44.23403,0
          </coordinates>
        </LineString>
      </Placemark>
      <Placemark>
        <name>Museum: Wiscasset, Waterville and Farmington R/R</name>
        <description>See Wiscasset, Waterville and Farmington Railroad Museum (http://www.wwfry.org/)</description>
        <styleUrl>#icon-22</styleUrl>
        <Point>
          <coordinates>
            -69.623685,44.060291,0
          </coordinates>
        </Point>
      </Placemark>
      <Placemark>
        <name>Kennebec Central R/R</name>
        <description><![CDATA[K56<br>Randolph to Togus.  It served the National Soldiers Home in Togus, ME.  2 ft gauge.  2.4 miles starting in Randolph is now the Old Narrow Gauge Volunteers Nature Trail.]]></description>
        <styleUrl>#line-000099-5000</styleUrl>
        <LineString>
          <tessellate>1</tessellate>
          <coordinates>
            -69.765563,44.228388,0
            -69.764168,44.228481,0
            -69.763709,44.228525,0
            -69.763377,44.228606,0
            -69.763039,44.228765,0
            -69.762803,44.229036,0
            -69.762623,44.229317,0
            -69.762484,44.229586,0
            -69.762344,44.229814,0
            -69.762162,44.230012,0
            -69.761939,44.230135,0
            -69.76148,44.230328,0
            -69.76085,44.23061,0
            -69.760166,44.230912,0
            -69.759667,44.231119,0
            -69.758951,44.231438,0
            -69.758254,44.231756,0
            -69.756811,44.232595,0
            -69.755781,44.233348,0
            -69.755073,44.234224,0
            -69.754654,44.235185,0
            -69.754536,44.236308,0
            -69.754257,44.237868,0
            -69.754354,44.239344,0
            -69.754348,44.239888,0
            -69.754279,44.24018,0
            -69.754204,44.240349,0
            -69.754096,44.24052,0
            -69.753989,44.240626,0
            -69.753823,44.240768,0
            -69.753259,44.241481,0
            -69.752626,44.242797,0
            -69.752417,44.243047,0
            -69.751672,44.243633,0
            -69.750727,44.244192,0
            -69.750073,44.244546,0
            -69.749456,44.244895,0
            -69.749156,44.245164,0
            -69.748866,44.245518,0
            -69.748694,44.245983,0
            -69.748528,44.246306,0
            -69.748448,44.246463,0
            -69.748362,44.246609,0
            -69.746726,44.248504,0
            -69.746071,44.249341,0
            -69.745926,44.249557,0
            -69.745765,44.249756,0
            -69.745551,44.249937,0
            -69.745309,44.250087,0
            -69.744912,44.250271,0
            -69.744505,44.250402,0
            -69.743067,44.250633,0
            -69.742037,44.250779,0
            -69.738647,44.251286,0
            -69.734945,44.251885,0
            -69.732263,44.252938,0
            -69.729999,44.25396,0
            -69.729431,44.254444,0
            -69.728862,44.255051,0
            -69.728261,44.255597,0
            -69.723895,44.259208,0
            -69.721674,44.261014,0
            -69.719925,44.262443,0
            -69.719431,44.262766,0
            -69.714239,44.265517,0
            -69.712608,44.266408,0
            -69.710956,44.267368,0
            -69.710677,44.26756,0
            -69.710441,44.267806,0
            -69.710054,44.268328,0
            -69.709604,44.269043,0
            -69.707726,44.272039,0
            -69.706675,44.274198,0
            -69.705495,44.276441,0
          </coordinates>
        </LineString>
      </Placemark>
      <Placemark>
        <name>Bigelow Branch - Sandy River R/R</name>
        <description>Strong to Bigelow.</description>
        <styleUrl>#line-CC0000-5000</styleUrl>
        <LineString>
          <tessellate>1</tessellate>
          <coordinates>
            -70.22016,44.806034,0
            -70.218787,44.806643,0
            -70.217242,44.807922,0
            -70.217174,44.812364,0
            -70.217443,44.814701,0
            -70.217443,44.816466,0
            -70.217314,44.81725,0
            -70.216874,44.818346,0
            -70.216595,44.81945,0
            -70.216498,44.820432,0
            -70.21667,44.821421,0
            -70.216852,44.821908,0
            -70.217671,44.823692,0
            -70.21843,44.824488,0
            -70.219223,44.825005,0
            -70.221123,44.826101,0
            -70.223483,44.827684,0
            -70.225908,44.82916,0
            -70.227098,44.830233,0
            -70.229555,44.833215,0
            -70.231133,44.835285,0
            -70.232838,44.838039,0
            -70.233718,44.839218,0
            -70.234458,44.84045,0
            -70.234898,44.841645,0
            -70.235177,44.842847,0
            -70.236164,44.84627,0
            -70.236433,44.84773,0
            -70.237226,44.849191,0
            -70.236089,44.853983,0
            -70.235832,44.85955,0
            -70.236497,44.861056,0
            -70.238128,44.862789,0
            -70.247551,44.861942,0
            -70.248281,44.862566,0
            -70.249482,44.863995,0
            -70.250341,44.865395,0
            -70.251349,44.86795,0
            -70.2521,44.871158,0
            -70.25313,44.873607,0
            -70.253581,44.874778,0
            -70.253516,44.875234,0
            -70.253109,44.875918,0
            -70.252465,44.876906,0
            -70.251113,44.878807,0
            -70.25077,44.879506,0
            -70.250942,44.880343,0
            -70.251456,44.88124,0
            -70.252401,44.882395,0
            -70.252765,44.883566,0
            -70.253795,44.884645,0
            -70.257314,44.88761,0
            -70.260104,44.890438,0
            -70.263408,44.893508,0
            -70.265168,44.895332,0
            -70.26549,44.895758,0
            -70.265511,44.896716,0
            -70.264932,44.90009,0
            -70.264524,44.902932,0
            -70.263773,44.903905,0
            -70.260322,44.904806,0
            -70.256159,44.906235,0
            -70.252769,44.90739,0
            -70.251181,44.907785,0
            -70.246804,44.908362,0
            -70.245645,44.908453,0
            -70.244272,44.909061,0
            -70.238392,44.912253,0
            -70.235946,44.913225,0
            -70.232084,44.917814,0
            -70.229337,44.920245,0
            -70.226169,44.923506,0
            -70.223336,44.926666,0
            -70.219989,44.929097,0
            -70.213294,44.928124,0
            -70.209689,44.927334,0
            -70.207801,44.926848,0
            -70.205483,44.927091,0
            -70.203595,44.927334,0
            -70.198617,44.930069,0
            -70.189948,44.934748,0
            -70.183951,44.938622,0
            -70.18232,44.93882,0
            -70.180367,44.939154,0
            -70.179466,44.939352,0
            -70.178629,44.939853,0
            -70.177664,44.940703,0
            -70.176312,44.941782,0
            -70.172685,44.944789,0
            -70.16848,44.948206,0
            -70.16672,44.949588,0
            -70.165368,44.950742,0
            -70.163802,44.952109,0
            -70.162622,44.953475,0
            -70.162171,44.954068,0
            -70.16157,44.954964,0
            -70.161012,44.955951,0
            -70.160798,44.957105,0
            -70.160969,44.958243,0
            -70.161717,44.959666,0
            -70.162897,44.961792,0
            -70.163991,44.964251,0
            -70.164227,44.965193,0
            -70.164467,44.966093,0
            -70.166463,44.969418,0
            -70.1679,44.972059,0
            -70.168737,44.97423,0
            -70.169317,44.97593,0
            -70.169599,44.978378,0
            -70.17153,44.9819,0
            -70.17226,44.983175,0
            -70.17256,44.983903,0
            -70.172474,44.985269,0
            -70.172045,44.988365,0
            -70.171616,44.991825,0
            -70.170286,44.992796,0
            -70.170114,44.994496,0
            -70.169985,44.996104,0
            -70.170243,44.997045,0
            -70.170243,44.997561,0
            -70.169942,44.998289,0
            -70.168612,45.00011,0
            -70.168269,45.000929,0
            -70.168312,45.00184,0
            -70.168827,45.003478,0
            -70.169685,45.006816,0
            -70.169873,45.010245,0
            -70.169572,45.011732,0
            -70.169894,45.013181,0
            -70.170259,45.01472,0
            -70.171525,45.019362,0
            -70.172083,45.02144,0
            -70.172222,45.02442,0
            -70.172147,45.027173,0
            -70.172126,45.02881,0
            -70.172319,45.029645,0
            -70.172855,45.030479,0
            -70.173885,45.031624,0
            -70.17455,45.032207,0
            -70.17499,45.032496,0
            -70.175613,45.032822,0
            -70.175988,45.033079,0
            -70.176246,45.033405,0
            -70.176471,45.033929,0
            -70.176557,45.034717,0
            -70.176696,45.035672,0
            -70.176975,45.036256,0
            -70.177447,45.036703,0
            -70.178112,45.037098,0
            -70.1794,45.037484,0
            -70.181449,45.038038,0
            -70.184142,45.038743,0
            -70.185301,45.039175,0
            -70.18647,45.039691,0
            -70.187489,45.040161,0
            -70.188112,45.040547,0
            -70.189453,45.041821,0
            -70.190869,45.042867,0
            -70.191931,45.043716,0
            -70.192736,45.04452,0
            -70.193294,45.045262,0
            -70.193991,45.046657,0
            -70.194506,45.049106,0
            -70.194914,45.051122,0
            -70.195236,45.052767,0
            -70.195643,45.054525,0
            -70.196148,45.057109,0
            -70.196555,45.059125,0
            -70.196931,45.06077,0
            -70.197263,45.062399,0
            -70.197553,45.0639,0
            -70.198261,45.065665,0
            -70.198873,45.066544,0
            -70.199366,45.067113,0
            -70.2006,45.068719,0
            -70.201415,45.069901,0
            -70.201984,45.071038,0
            -70.20237,45.072189,0
            -70.202767,45.072902,0
            -70.203518,45.073712,0
            -70.205256,45.07575,0
            -70.206404,45.077213,0
            -70.207917,45.07897,0
            -70.209151,45.080448,0
            -70.211501,45.083205,0
            -70.212466,45.084493,0
            -70.212616,45.084796,0
            -70.212638,45.085182,0
            -70.212799,45.085561,0
            -70.213925,45.086735,0
            -70.215642,45.087977,0
            -70.216672,45.088788,0
            -70.217713,45.090053,0
            -70.218871,45.091053,0
            -70.219644,45.091643,0
            -70.220245,45.091931,0
            -70.220813,45.09209,0
            -70.22194,45.092295,0
            -70.226135,45.092961,0
            -70.233582,45.094191,0
            -70.23429,45.094342,0
            -70.235385,45.094342,0
            -70.23605,45.094372,0
            -70.237187,45.094372,0
            -70.237874,45.094433,0
            -70.238925,45.094781,0
            -70.239977,45.095009,0
            -70.240856,45.095099,0
            -70.241543,45.094933,0
            -70.242079,45.094645,0
            -70.242616,45.09416,0
            -70.243045,45.093691,0
            -70.243474,45.093539,0
            -70.244032,45.093494,0
            -70.244912,45.093645,0
            -70.245878,45.093842,0
            -70.246629,45.093888,0
            -70.247229,45.093797,0
            -70.24841,45.093403,0
            -70.249289,45.093176,0
            -70.250298,45.09307,0
            -70.251263,45.093055,0
            -70.252079,45.093357,0
            -70.252658,45.093509,0
            -70.253323,45.093554,0
            -70.254074,45.093494,0
            -70.255233,45.093206,0
            -70.260361,45.091964,0
            -70.262035,45.091873,0
            -70.263623,45.091858,0
            -70.264632,45.091797,0
            -70.265726,45.09157,0
            -70.26697,45.091373,0
            -70.268172,45.091312,0
            -70.269245,45.091358,0
            -70.271519,45.091585,0
            -70.272828,45.091721,0
            -70.273451,45.091767,0
            -70.274159,45.091661,0
            -70.274888,45.091479,0
            -70.282935,45.089101,0
            -70.283579,45.088964,0
            -70.284201,45.088995,0
            -70.284802,45.089146,0
            -70.285832,45.089328,0
            -70.286669,45.089389,0
            -70.287656,45.089328,0
            -70.288342,45.089222,0
            -70.288922,45.089055,0
            -70.28963,45.088783,0
            -70.290316,45.088586,0
            -70.291175,45.088464,0
            -70.293363,45.088207,0
            -70.303169,45.08701,0
            -70.304006,45.086859,0
            -70.3045,45.086677,0
            -70.305401,45.086177,0
            -70.306045,45.085813,0
            -70.306667,45.085586,0
            -70.307032,45.085541,0
            -70.307568,45.085434,0
            -70.310465,45.084919,0
            -70.311323,45.084753,0
            -70.311989,45.08448,0
            -70.315186,45.083192,0
            -70.317503,45.082192,0
            -70.318898,45.081556,0
          </coordinates>
        </LineString>
      </Placemark>
    </Folder>
    <Folder>
      <name>ME - SW</name>
      <Placemark>
        <name>Portland and Rochester RR</name>
        <description><![CDATA[K231<br>Sanford to Westbrook.  I have extended this line from Westbrook to Portland (rather than have it join up with RDK2:407) because that's how it appears on the 1891 USGS 15' map.]]></description>
        <styleUrl>#line-0000FF-5000</styleUrl>
        <LineString>
          <tessellate>1</tessellate>
          <coordinates>
            -70.79377,43.46127,0
            -70.78336,43.46314,0
            -70.77685,43.4644,0
            -70.77594,43.46451,0
            -70.77534,43.46454,0
            -70.77474,43.46448,0
            -70.7741,43.46434,0
            -70.77378,43.46423,0
            -70.77298,43.46384,0
            -70.77254,43.46354,0
            -70.77172,43.46288,0
            -70.76894,43.46053,0
            -70.76841,43.46024,0
            -70.76724,43.45988,0
            -70.76671,43.45982,0
            -70.76593,43.45977,0
            -70.76509,43.45987,0
            -70.76452,43.45999,0
            -70.76396,43.46018,0
            -70.76343,43.46043,0
            -70.76295,43.46074,0
            -70.76159,43.46178,0
            -70.76096,43.46219,0
            -70.75952,43.46297,0
            -70.75868,43.46337,0
            -70.7576,43.46377,0
            -70.7565,43.46413,0
            -70.75178,43.46548,0
            -70.74637,43.46708,0
            -70.74266,43.46806,0
            -70.74095,43.46843,0
            -70.7405,43.4685,0
            -70.73963,43.46856,0
            -70.73905,43.4685,0
            -70.73682,43.46807,0
            -70.73627,43.46802,0
            -70.73445,43.46798,0
            -70.73261,43.46798,0
            -70.73091,43.46809,0
            -70.72988,43.468,0
            -70.72913,43.46783,0
            -70.72809,43.4678,0
            -70.72734,43.46793,0
            -70.72692,43.46805,0
            -70.72418,43.46898,0
            -70.72236,43.46982,0
            -70.72198,43.47005,0
            -70.72167,43.47035,0
            -70.72141,43.47066,0
            -70.72066,43.47199,0
            -70.7203,43.47276,0
            -70.72016,43.47315,0
            -70.71999,43.47398,0
            -70.71978,43.48152,0
            -70.71984,43.48233,0
            -70.72002,43.48359,0
            -70.7204,43.48508,0
            -70.72067,43.48676,0
            -70.72035,43.48998,0
            -70.71942,43.49542,0
            -70.71943,43.49767,0
            -70.71957,43.49993,0
            -70.71955,43.50104,0
            -70.71935,43.50216,0
            -70.71828,43.50443,0
            -70.71811,43.50503,0
            -70.71801,43.50562,0
            -70.71814,43.50681,0
            -70.71996,43.51116,0
            -70.72013,43.51199,0
            -70.72052,43.51792,0
            -70.7205,43.51924,0
            -70.72036,43.52054,0
            -70.72011,43.52192,0
            -70.7198,43.52318,0
            -70.71931,43.52559,0
            -70.71903,43.52681,0
            -70.71882,43.52741,0
            -70.71853,43.52797,0
            -70.71728,43.52979,0
            -70.71622,43.53111,0
            -70.71519,43.53215,0
            -70.71461,43.53284,0
            -70.71306,43.53495,0
            -70.71242,43.53587,0
            -70.71104,43.53827,0
            -70.70798,43.54245,0
            -70.69933,43.55457,0
            -70.69759,43.55681,0
            -70.69696,43.55753,0
            -70.6957,43.55885,0
            -70.69293,43.56137,0
            -70.69142,43.56253,0
            -70.68776,43.56494,0
            -70.68313,43.56738,0
            -70.67989,43.56863,0
            -70.67813,43.56922,0
            -70.67574,43.56996,0
            -70.6739,43.57043,0
            -70.67229,43.57075,0
            -70.67029,43.57104,0
            -70.66827,43.57118,0
            -70.65904,43.57129,0
            -70.65721,43.57135,0
            -70.65538,43.57134,0
            -70.6535,43.57121,0
            -70.65257,43.5712,0
            -70.65166,43.57124,0
            -70.65032,43.57138,0
            -70.64899,43.5716,0
            -70.64754,43.57195,0
            -70.6461,43.57234,0
            -70.64402,43.57301,0
            -70.64327,43.57334,0
            -70.64182,43.57413,0
            -70.64113,43.5746,0
            -70.6404,43.57528,0
            -70.63968,43.576,0
            -70.63587,43.58043,0
            -70.63419,43.58228,0
            -70.63234,43.58408,0
            -70.62857,43.58719,0
            -70.62252,43.59207,0
            -70.62048,43.59394,0
            -70.61854,43.59592,0
            -70.61582,43.59842,0
            -70.61484,43.59918,0
            -70.61393,43.59981,0
            -70.61286,43.60033,0
            -70.611255,43.60096,0
            -70.609603,43.601566,0
            -70.60854,43.6019,0
            -70.60742,43.60219,0
            -70.60631,43.60243,0
            -70.605783,43.602529,0
            -70.604957,43.602599,0
            -70.60386,43.60269,0
            -70.600054,43.602988,0
            -70.59911,43.60305,0
            -70.59815,43.60307,0
            -70.594722,43.602825,0
            -70.59128,43.6026,0
            -70.58703,43.60214,0
            -70.58461,43.60197,0
            -70.58359,43.60202,0
            -70.5831,43.6021,0
            -70.58215,43.60237,0
            -70.58139,43.60269,0
            -70.5807,43.60311,0
            -70.579079,43.604277,0
            -70.57742,43.60543,0
            -70.576826,43.605812,0
            -70.57617,43.60616,0
            -70.573629,43.607191,0
            -70.571086,43.608236,0
            -70.56952,43.60905,0
            -70.568973,43.609378,0
            -70.568436,43.609739,0
            -70.56791,43.61011,0
            -70.567208,43.610729,0
            -70.566543,43.611358,0
            -70.566189,43.611735,0
            -70.56566,43.61222,0
            -70.56507,43.61264,0
            -70.56444,43.613029,0
            -70.56368,43.61342,0
            -70.56024,43.61499,0
            -70.55814,43.61607,0
            -70.550079,43.619674,0
            -70.548196,43.620567,0
            -70.546308,43.621456,0
            -70.54501,43.622194,0
            -70.543798,43.622978,0
            -70.539211,43.62598,0
            -70.53692,43.627502,0
            -70.534582,43.628997,0
            -70.531969,43.630764,0
            -70.529335,43.632492,0
            -70.526186,43.634526,0
            -70.523981,43.635966,0
            -70.522919,43.636669,0
            -70.521841,43.637329,0
            -70.52102,43.637729,0
            -70.520586,43.637904,0
            -70.520119,43.638071,0
            -70.519668,43.638187,0
            -70.519212,43.638288,0
            -70.518188,43.638393,0
            -70.517104,43.638474,0
            -70.516021,43.638572,0
            -70.511874,43.638886,0
            -70.507647,43.639235,0
            -70.502878,43.639655,0
            -70.50151,43.639779,0
            -70.500147,43.639934,0
            -70.498774,43.640214,0
            -70.497401,43.640641,0
            -70.496446,43.641037,0
            -70.49562,43.641534,0
            -70.494772,43.642062,0
            -70.49401,43.642636,0
            -70.491264,43.645058,0
            -70.489697,43.646238,0
            -70.487949,43.647279,0
            -70.484376,43.649282,0
            -70.482134,43.650547,0
            -70.479966,43.651805,0
            -70.4784,43.652682,0
            -70.475568,43.654413,0
            -70.474184,43.655174,0
            -70.47281,43.655989,0
            -70.470171,43.657883,0
            -70.467006,43.660289,0
            -70.465096,43.661725,0
            -70.462135,43.66391,0
            -70.45927,43.666125,0
            -70.453514,43.670565,0
            -70.450612,43.672772,0
            -70.447732,43.674968,0
            -70.446975,43.67555,0
            -70.446149,43.676086,0
            -70.445312,43.676551,0
            -70.444427,43.676982,0
            -70.443687,43.677258,0
            -70.44292,43.67749,0
            -70.441375,43.67794,0
            -70.439583,43.678317,0
            -70.437738,43.678639,0
            -70.434106,43.679322,0
            -70.430464,43.679993,0
            -70.42843,43.680396,0
            -70.426392,43.680788,0
            -70.423002,43.681378,0
            -70.419617,43.681998,0
            -70.415996,43.68265,0
            -70.414188,43.682968,0
            -70.412385,43.683275,0
            -70.411608,43.683348,0
            -70.410819,43.683407,0
            -70.410036,43.683465,0
            -70.409247,43.683519,0
            -70.408464,43.683515,0
            -70.407681,43.683496,0
            -70.406919,43.683473,0
            -70.406114,43.683434,0
            -70.399393,43.682933,0
            -70.391303,43.682363,0
            -70.387259,43.682076,0
            -70.383664,43.681801,0
            -70.38161,43.68163,0
            -70.379984,43.681521,0
            -70.378708,43.681428,0
            -70.378289,43.681374,0
            -70.377903,43.681304,0
            -70.377206,43.681149,0
            -70.376894,43.681044,0
            -70.376599,43.68092,0
            -70.376331,43.680784,0
            -70.37609,43.680633,0
            -70.375843,43.680454,0
            -70.375618,43.680264,0
            -70.375156,43.679837,0
            -70.374894,43.679504,0
            -70.374593,43.679174,0
            -70.374159,43.678732,0
            -70.372818,43.677479,0
            -70.372533,43.677207,0
            -70.372201,43.676951,0
            -70.371804,43.676734,0
            -70.371391,43.676563,0
            -70.368901,43.676043,0
            -70.366101,43.675492,0
            -70.365447,43.675403,0
            -70.364733,43.675364,0
            -70.364041,43.675376,0
            -70.363349,43.675469,0
            -70.3627,43.675609,0
            -70.361375,43.676031,0
            -70.360104,43.676532,0
            -70.359594,43.67673,0
            -70.358655,43.677029,0
            -70.357078,43.677525,0
            -70.356284,43.677774,0
            -70.355485,43.678006,0
            -70.355169,43.678127,0
            -70.354863,43.678258,0
            -70.354659,43.678355,0
            -70.354466,43.678456,0
            -70.352953,43.679225,0
            -70.350319,43.680718,0
            -70.349053,43.681409,0
            -70.347739,43.682049,0
            -70.346559,43.682452,0
            -70.345352,43.68284,0
            -70.344107,43.683205,0
            -70.342825,43.683515,0
            -70.342203,43.683651,0
            -70.341586,43.683764,0
            -70.340958,43.683845,0
            -70.340331,43.683899,0
            -70.339698,43.683942,0
            -70.339054,43.683965,0
            -70.337772,43.683973,0
            -70.334274,43.683985,0
            -70.33078,43.68401,0
            -70.327011,43.68402,0
            -70.326147,43.684023,0
            -70.325723,43.684031,0
            -70.325289,43.684058,0
            -70.324945,43.684093,0
            -70.324602,43.684151,0
            -70.323921,43.684279,0
            -70.322553,43.684539,0
            -70.319822,43.685059,0
            -70.317784,43.685459,0
            -70.315745,43.685874,0
            -70.313755,43.686204,0
            -70.312704,43.686335,0
            -70.311642,43.686456,0
            -70.308058,43.686785,0
            -70.30654,43.686902,0
            -70.305027,43.687045,0
            -70.303499,43.687301,0
            -70.300178,43.687631,0
            -70.296831,43.687953,0
            -70.295586,43.688069,0
            -70.294964,43.688093,0
            -70.294341,43.688093,0
            -70.293719,43.688066,0
            -70.293097,43.688019,0
            -70.292485,43.687938,0
            -70.29218,43.687883,0
            -70.291885,43.687813,0
            -70.29152,43.687682,0
            -70.291182,43.687522,0
            -70.290871,43.68734,0
            -70.290581,43.687154,0
            -70.290045,43.686762,0
            -70.289605,43.686308,0
            -70.289433,43.686037,0
            -70.289288,43.685757,0
            -70.28917,43.68547,0
            -70.289068,43.685187,0
            -70.288698,43.68402,0
            -70.287958,43.681692,0
            -70.287239,43.679422,0
            -70.285726,43.674674,0
            -70.285378,43.673544,0
            -70.285214,43.672992,0
            -70.285158,43.672694,0
            -70.285131,43.672411,0
            -70.285126,43.672144,0
            -70.285141,43.671845,0
            -70.285179,43.671246,0
            -70.285281,43.670138,0
            -70.285367,43.669005,0
            -70.285378,43.667872,0
            -70.285324,43.665625,0
            -70.285324,43.663487,0
            -70.285313,43.662889,0
            -70.285289,43.66259,0
            -70.285227,43.662291,0
            -70.285144,43.661922,0
            -70.285002,43.661515,0
            -70.284801,43.66113,0
            -70.284578,43.660737,0
            -70.283586,43.659218,0
            -70.282679,43.657774,0
            -70.282196,43.657042,0
            -70.281687,43.656295,0
            -70.281437,43.65594,0
            -70.281215,43.655618,0
            -70.281138,43.655457,0
            -70.281072,43.65528,0
            -70.28104,43.655116,0
            -70.281013,43.654924,0
            -70.280978,43.654359,0
            -70.280925,43.653769,0
            -70.280869,43.653177,0
            -70.280805,43.652591,0
            -70.280619,43.651424,0
            -70.280403,43.650261,0
            -70.280324,43.649913,0
            -70.280228,43.64953,0
            -70.280056,43.648841,0
            -70.279398,43.646373,0
            -70.27916,43.645184,0
            -70.279131,43.645042,0
            -70.279085,43.644895,0
            -70.278972,43.644624,0
            -70.278801,43.644352,0
            -70.278533,43.644092,0
            -70.278237,43.643867,0
            -70.27791,43.643662,0
            -70.277465,43.643459,0
            -70.276988,43.643267,0
            -70.276456,43.643086,0
            -70.275904,43.642925,0
            -70.275416,43.642834,0
            -70.274928,43.642793,0
            -70.273372,43.642894,0
            -70.271591,43.643072,0
            -70.269434,43.643507,0
            -70.265701,43.644478,0
            -70.262847,43.645187,0
            -70.26179,43.645485,0
            -70.261436,43.645617,0
            -70.261093,43.64578,0
            -70.260916,43.645916,0
            -70.260755,43.64606,0
            -70.260476,43.646372,0
            -70.259982,43.647296,0
            -70.259145,43.648437,0
          </coordinates>
        </LineString>
      </Placemark>
      <Placemark>
        <name><![CDATA[Kennebunk & Kennebunkport RR]]></name>
        <description>K48</description>
        <styleUrl>#line-CC0000-5000</styleUrl>
        <LineString>
          <tessellate>1</tessellate>
          <coordinates>
            -70.479119,43.360188,0
            -70.47877,43.359264,0
            -70.478722,43.359143,0
            -70.478695,43.35903,0
            -70.478695,43.358913,0
            -70.478722,43.3588,0
            -70.478759,43.358722,0
            -70.47881,43.358626,0
            -70.478923,43.35849,0
            -70.479062,43.358359,0
            -70.479231,43.358252,0
            -70.47951,43.358127,0
            -70.479805,43.358024,0
            -70.480119,43.357963,0
            -70.480433,43.357918,0
            -70.48075,43.357856,0
            -70.481061,43.357778,0
            -70.481485,43.357618,0
            -70.481903,43.357442,0
            -70.4827,43.35707,0
            -70.483019,43.356885,0
            -70.483314,43.35669,0
            -70.483909,43.356284,0
            -70.4851,43.355457,0
            -70.485867,43.35495,0
            -70.48662,43.35444,0
            -70.487675,43.353764,0
            -70.489628,43.352465,0
            -70.491382,43.351299,0
            -70.492498,43.350562,0
            -70.493056,43.350199,0
            -70.49364,43.349836,0
            -70.494246,43.349493,0
            -70.494874,43.349204,0
            -70.495212,43.349091,0
            -70.495561,43.348998,0
            -70.495738,43.348959,0
            -70.495915,43.348931,0
            -70.496097,43.348916,0
            -70.496274,43.348912,0
            -70.496526,43.348939,0
            -70.496778,43.349001,0
            -70.497267,43.349115,0
            -70.49776,43.349181,0
            -70.498259,43.349228,0
            -70.499466,43.349345,0
            -70.500678,43.34945,0
            -70.501183,43.349466,0
            -70.501687,43.349466,0
            -70.502116,43.34945,0
            -70.502535,43.349419,0
            -70.502926,43.349388,0
            -70.503318,43.349345,0
            -70.505292,43.349134,0
            -70.50688,43.348982,0
            -70.50847,43.34884,0
            -70.508854,43.348838,0
            -70.509245,43.348838,0
            -70.509637,43.348849,0
            -70.510013,43.348869,0
            -70.510324,43.348892,0
            -70.510635,43.348923,0
            -70.510957,43.348974,0
            -70.511257,43.349037,0
            -70.512019,43.349212,0
            -70.512775,43.349458,0
            -70.513263,43.349661,0
            -70.513676,43.349844,0
            -70.51395,43.349988,0
            -70.514202,43.350129,0
            -70.514642,43.350386,0
            -70.51506,43.35066,0
            -70.515516,43.351057,0
            -70.51591,43.35141,0
            -70.516225,43.351744,0
            -70.516487,43.352079,0
            -70.516739,43.352465,0
            -70.516976,43.352852,0
            -70.51814,43.354716,0
            -70.519105,43.356323,0
            -70.520291,43.358226,0
            -70.521455,43.360126,0
            -70.521787,43.360555,0
            -70.52214,43.36097,0
            -70.52242,43.361241,0
            -70.522721,43.361514,0
            -70.524078,43.362712,0
            -70.525231,43.363694,0
            -70.526336,43.364685,0
            -70.527458,43.36568,0
            -70.5286,43.36667,0
            -70.529067,43.367087,0
            -70.529271,43.367298,0
            -70.52947,43.36752,0
            -70.529619,43.367719,0
            -70.529748,43.367922,0
            -70.529861,43.368121,0
            -70.529947,43.368316,0
            -70.530033,43.368515,0
            -70.5301,43.36871,0
            -70.530145,43.368916,0
            -70.530188,43.369119,0
            -70.53022,43.369361,0
            -70.530215,43.369603,0
            -70.530199,43.369844,0
            -70.530145,43.370086,0
            -70.529566,43.373054,0
            -70.529287,43.374641,0
            -70.529126,43.375655,0
            -70.529008,43.376434,0
            -70.528997,43.37684,0
            -70.529051,43.377245,0
            -70.529104,43.377491,0
            -70.529174,43.377741,0
            -70.52988,43.37998,0
            -70.529984,43.380298,0
            -70.530033,43.380599,0
            -70.530027,43.380813,0
            -70.529979,43.380996,0
            -70.529898,43.381187,0
            -70.529786,43.381367,0
            -70.528917,43.382376,0
          </coordinates>
        </LineString>
      </Placemark>
      <Placemark>
        <name><![CDATA[York Harbor & Beach RR]]></name>
        <description><![CDATA[K54<br>Kittery Navy Yard to York Beach.  Note that the section between York Harbor and Cape Neddick is very approximate.]]></description>
        <styleUrl>#line-009900-5000</styleUrl>
        <LineString>
          <tessellate>1</tessellate>
          <coordinates>
            -70.61244,43.17508,0
            -70.61238,43.17406,0
            -70.61241,43.17305,0
            -70.61274,43.17186,0
            -70.61465,43.16938,0
            -70.62078,43.16245,0
            -70.64366,43.14306,0
            -70.64494,43.14201,0
            -70.64637,43.14057,0
            -70.64647,43.14044,0
            -70.64655,43.14018,0
            -70.64683,43.13896,0
            -70.6477,43.13568,0
            -70.64887,43.132427,0
            -70.64911,43.13185,0
            -70.65178,43.12621,0
            -70.65233,43.12552,0
            -70.65267,43.12521,0
            -70.65307,43.12494,0
            -70.65359,43.12469,0
            -70.65417,43.12446,0
            -70.65587,43.12398,0
            -70.65979,43.12209,0
            -70.66056,43.12169,0
            -70.66127,43.12125,0
            -70.66195,43.12074,0
            -70.66282,43.11989,0
            -70.66436,43.11783,0
            -70.667002,43.114048,0
            -70.66714,43.11383,0
            -70.667367,43.113359,0
            -70.668456,43.110719,0
            -70.669674,43.107806,0
            -70.67018,43.10644,0
            -70.670666,43.105471,0
            -70.670757,43.105307,0
            -70.670865,43.105162,0
            -70.671015,43.105029,0
            -70.671133,43.104958,0
            -70.671385,43.104829,0
            -70.671787,43.104653,0
            -70.67231,43.1044,0
            -70.67301,43.1041,0
            -70.67659,43.10269,0
            -70.679319,43.101566,0
            -70.68066,43.100971,0
            -70.681872,43.100321,0
            -70.684748,43.098911,0
            -70.687623,43.097136,0
            -70.69101,43.09421,0
            -70.6928,43.09276,0
            -70.69691,43.08949,0
            -70.69876,43.08811,0
            -70.69926,43.08779,0
            -70.70009,43.08734,0
            -70.70403,43.08562,0
            -70.705,43.08515,0
            -70.70551,43.08483,0
            -70.70732,43.08415,0
            -70.70769,43.08409,0
            -70.70822,43.0841,0
            -70.70927,43.08431,0
            -70.71197,43.08497,0
            -70.71401,43.08575,0
            -70.71537,43.08621,0
            -70.71694,43.08655,0
            -70.72182,43.08746,0
            -70.72428,43.08798,0
            -70.73131,43.09015,0
            -70.73215,43.09032,0
            -70.733,43.09037,0
            -70.73488,43.0901,0
            -70.74257,43.0885,0
            -70.74419,43.08813,0
            -70.74534,43.08782,0
          </coordinates>
        </LineString>
      </Placemark>
      <Placemark>
        <name>Portsmouth to Kittery</name>
        <description>K86?</description>
        <styleUrl>#line-0000FF-5000</styleUrl>
        <LineString>
          <tessellate>1</tessellate>
          <coordinates>
            -70.740286,43.082,0
            -70.740656,43.082823,0
            -70.740929,43.083524,0
            -70.741299,43.084307,0
            -70.741804,43.085463,0
            -70.741825,43.085683,0
            -70.741729,43.085875,0
            -70.741594,43.086055,0
            -70.741273,43.08627,0
            -70.740978,43.086494,0
            -70.740843,43.086893,0
            -70.740876,43.08723,0
            -70.740902,43.087555,0
            -70.741047,43.08783,0
            -70.741332,43.088072,0
            -70.741621,43.08821,0
            -70.742034,43.088304,0
            -70.742592,43.0883,0
            -70.743209,43.088249,0
            -70.743794,43.08817,0
            -70.744577,43.08799,0
            -70.745398,43.08781,0
            -70.74617,43.087653,0
            -70.747082,43.087587,0
            -70.748042,43.087579,0
            -70.748944,43.087673,0
            -70.749593,43.087779,0
            -70.750596,43.087931,0
            -70.751985,43.088155,0
            -70.753235,43.088374,0
            -70.754383,43.08855,0
            -70.75537,43.088727,0
            -70.756105,43.088813,0
            -70.756883,43.088813,0
            -70.757398,43.088711,0
            -70.757779,43.088609,0
            -70.758187,43.088452,0
            -70.758584,43.088198,0
            -70.7589,43.087951,0
            -70.759528,43.087281,0
            -70.760499,43.086266,0
            -70.761448,43.085287,0
            -70.762011,43.084715,0
            -70.762317,43.084319,0
            -70.762489,43.083939,0
            -70.762569,43.083579,0
            -70.762575,43.083195,0
            -70.762494,43.08276,0
            -70.762205,43.082446,0
            -70.761802,43.082059,0
          </coordinates>
        </LineString>
      </Placemark>
      <Placemark>
        <name><![CDATA[Portland, Saco & Portsmouth RR]]></name>
        <description><![CDATA[K185<br>North Berwick to Portland]]></description>
        <styleUrl>#line-FF6600-5000</styleUrl>
        <LineString>
          <tessellate>1</tessellate>
          <coordinates>
            -70.727116,43.307044,0
            -70.724112,43.308926,0
            -70.721226,43.31079,0
            -70.718758,43.312423,0
            -70.714928,43.314921,0
            -70.710551,43.317809,0
            -70.707386,43.319909,0
            -70.705744,43.320939,0
            -70.703502,43.32243,0
            -70.701163,43.323952,0
            -70.696614,43.326934,0
            -70.683653,43.335448,0
            -70.679244,43.338273,0
            -70.676014,43.340427,0
            -70.672849,43.342502,0
            -70.663483,43.34865,0
            -70.653548,43.355133,0
            -70.645523,43.360336,0
            -70.63076,43.369868,0
            -70.622231,43.375382,0
            -70.612607,43.381728,0
            -70.609303,43.383788,0
            -70.601449,43.388887,0
            -70.595752,43.39252,0
            -70.578731,43.403551,0
            -70.577449,43.404346,0
            -70.575855,43.40532,0
            -70.573511,43.406591,0
            -70.56841,43.409366,0
            -70.565727,43.410866,0
            -70.563131,43.412423,0
            -70.561473,43.413436,0
            -70.560677,43.413958,0
            -70.55988,43.414488,0
            -70.558333,43.415556,0
            -70.55679,43.416627,0
            -70.555237,43.417586,0
            -70.55355,43.418675,0
            -70.551925,43.419762,0
            -70.550417,43.420763,0
            -70.548811,43.421856,0
            -70.547236,43.422939,0
            -70.543948,43.425061,0
            -70.542872,43.425764,0
            -70.542043,43.426354,0
            -70.540244,43.427533,0
            -70.537862,43.429152,0
            -70.53581,43.430515,0
            -70.533868,43.431947,0
            -70.532854,43.432702,0
            -70.531843,43.433458,0
            -70.530883,43.434233,0
            -70.529931,43.435034,0
            -70.528997,43.435854,0
            -70.528064,43.436693,0
            -70.527141,43.437505,0
            -70.526253,43.438347,0
            -70.525392,43.439128,0
            -70.524513,43.439965,0
            -70.523673,43.440799,0
            -70.522796,43.441669,0
            -70.521948,43.442513,0
            -70.521111,43.443346,0
            -70.520293,43.444141,0
            -70.519459,43.445021,0
            -70.517769,43.446625,0
            -70.516093,43.448265,0
            -70.512818,43.451478,0
            -70.509575,43.45471,0
            -70.506306,43.457934,0
            -70.503044,43.461143,0
            -70.499783,43.464382,0
            -70.496467,43.467622,0
            -70.4932,43.470841,0
            -70.490867,43.473154,0
            -70.488496,43.475482,0
            -70.485792,43.478148,0
            -70.484215,43.479772,0
            -70.481822,43.482146,0
            -70.481452,43.482504,0
            -70.481157,43.482726,0
            -70.480975,43.482882,0
            -70.477719,43.4861,0
            -70.475466,43.48819,0
            -70.475283,43.488385,0
            -70.474452,43.4893,0
            -70.473363,43.490366,0
            -70.471694,43.492043,0
            -70.47104,43.492666,0
            -70.470412,43.493289,0
            -70.469055,43.494495,0
            -70.467837,43.495503,0
            -70.466566,43.496491,0
            -70.465397,43.497422,0
            -70.464233,43.49839,0
            -70.462881,43.499433,0
            -70.461668,43.500309,0
            -70.461164,43.500663,0
            -70.460633,43.501013,0
            -70.460086,43.501344,0
            -70.459544,43.501659,0
            -70.45868,43.50211,0
            -70.456728,43.503122,0
            -70.45411,43.50455,0
            -70.451208,43.506103,0
            -70.449008,43.507258,0
            -70.447769,43.507904,0
            -70.446836,43.50841,0
            -70.4427,43.510585,0
            -70.439503,43.512355,0
            -70.436241,43.514043,0
            -70.43534,43.514553,0
            -70.434439,43.51509,0
            -70.432706,43.516222,0
            -70.431499,43.51707,0
            -70.430313,43.517929,0
            -70.428538,43.519307,0
            -70.42621,43.521088,0
            -70.425072,43.521959,0
            -70.423946,43.522866,0
            -70.421666,43.524566,0
            -70.420271,43.525674,0
            -70.418876,43.526713,0
            -70.413469,43.530855,0
            -70.4123,43.531738,0
            -70.411704,43.532169,0
            -70.411098,43.53257,0
            -70.409274,43.534013,0
            -70.408335,43.534724,0
            -70.406131,43.536436,0
            -70.403625,43.538337,0
            -70.401474,43.539963,0
            -70.399661,43.541401,0
            -70.39781,43.542817,0
            -70.397097,43.543318,0
            -70.395686,43.544333,0
            -70.393476,43.545795,0
            -70.38655,43.550355,0
            -70.384549,43.551604,0
            -70.382677,43.552817,0
            -70.379067,43.555181,0
            -70.377238,43.556351,0
            -70.375033,43.557805,0
            -70.372791,43.559259,0
            -70.370538,43.560689,0
            -70.366563,43.563309,0
            -70.3624,43.566023,0
            -70.358232,43.56872,0
            -70.355131,43.570761,0
            -70.352717,43.572303,0
            -70.347846,43.57549,0
            -70.340433,43.580325,0
            -70.339016,43.581257,0
            -70.336243,43.583037,0
            -70.334038,43.584475,0
            -70.331882,43.58594,0
            -70.329779,43.587346,0
            -70.328679,43.588108,0
            -70.328196,43.588481,0
            -70.324098,43.591042,0
            -70.32001,43.593703,0
            -70.31839,43.594744,0
            -70.316641,43.595832,0
            -70.314973,43.596877,0
            -70.313326,43.597922,0
            -70.307881,43.601434,0
            -70.305038,43.603392,0
            -70.304266,43.603943,0
            -70.303332,43.604674,0
            -70.302431,43.605419,0
            -70.300725,43.607012,0
            -70.2997,43.607987,0
            -70.298654,43.608958,0
            -70.295436,43.611848,0
            -70.292432,43.614582,0
            -70.289487,43.61725,0
            -70.286365,43.620108,0
            -70.283242,43.622963,0
            -70.282019,43.624091,0
            -70.280625,43.625363,0
            -70.277964,43.627776,0
            -70.274799,43.630667,0
            -70.272779,43.632519,0
            -70.271722,43.633495,0
            -70.271261,43.633977,0
            -70.268117,43.637407,0
            -70.267082,43.638566,0
            -70.265261,43.640577,0
            -70.261208,43.645173,0
            -70.261042,43.645371,0
            -70.260932,43.645641,0
            -70.260618,43.646171,0
            -70.260436,43.646427,0
          </coordinates>
        </LineString>
      </Placemark>
      <Placemark>
        <name>Branch</name>
        <styleUrl>#line-FF6600-5000-nodesc</styleUrl>
        <LineString>
          <tessellate>1</tessellate>
          <coordinates>
            -70.680907,43.337212,0
            -70.680317,43.337642,0
            -70.679673,43.338075,0
            -70.678992,43.33852,0
            -70.678675,43.338992,0
            -70.678595,43.339409,0
            -70.678702,43.339905,0
            -70.678965,43.340342,0
            -70.679673,43.341293,0
            -70.680145,43.341976,0
            -70.680435,43.342273,0
            -70.680724,43.342526,0
            -70.681014,43.342792,0
          </coordinates>
        </LineString>
      </Placemark>
      <Placemark>
        <name>Portland and Ogdensburg RR</name>
        <description><![CDATA[K407<br>Westbrook to NH state line.]]></description>
        <styleUrl>#line-FFFF00-5000</styleUrl>
        <LineString>
          <tessellate>1</tessellate>
          <coordinates>
            -70.28247,43.650206,0
            -70.28437,43.65039,0
            -70.285571,43.650493,0
            -70.286601,43.650873,0
            -70.287244,43.65116,0
            -70.287813,43.651463,0
            -70.288961,43.652053,0
            -70.29072,43.652977,0
            -70.292373,43.653815,0
            -70.295956,43.655663,0
            -70.298982,43.657207,0
            -70.3019,43.658721,0
            -70.307661,43.661678,0
            -70.31206,43.663921,0
            -70.314356,43.665101,0
            -70.316652,43.666242,0
            -70.319066,43.667212,0
            -70.321276,43.668097,0
            -70.323583,43.66902,0
            -70.325825,43.669936,0
            -70.328003,43.670797,0
            -70.330106,43.671666,0
            -70.333518,43.67297,0
            -70.338464,43.675027,0
            -70.341307,43.676152,0
            -70.34411,43.67722,0
            -70.349225,43.679356,0
            -70.352154,43.680544,0
            -70.355308,43.681777,0
            -70.356317,43.682227,0
            -70.357293,43.682724,0
            -70.358216,43.683228,0
            -70.359524,43.684004,0
            -70.360855,43.684741,0
            -70.363913,43.686293,0
            -70.365618,43.686983,0
            -70.366874,43.687433,0
            -70.367357,43.687643,0
            -70.368172,43.688116,0
            -70.368837,43.688597,0
            -70.369288,43.689062,0
            -70.369985,43.690017,0
            -70.371401,43.692104,0
            -70.372839,43.694136,0
            -70.373622,43.695129,0
            -70.374491,43.696106,0
            -70.37551,43.696952,0
            -70.376669,43.697774,0
            -70.377227,43.698115,0
            -70.377753,43.698379,0
            -70.378708,43.698852,0
            -70.379748,43.699318,0
            -70.381272,43.699768,0
            -70.38287,43.700186,0
            -70.385939,43.700947,0
            -70.386872,43.701296,0
            -70.387741,43.701621,0
            -70.388525,43.702017,0
            -70.38926,43.70241,0
            -70.390359,43.703304,0
            -70.391411,43.704196,0
            -70.392494,43.704887,0
            -70.393621,43.705554,0
            -70.396121,43.70702,0
            -70.398577,43.708501,0
            -70.399253,43.70909,0
            -70.399854,43.70968,0
            -70.4011,43.71098,0
            -70.403094,43.713146,0
            -70.40495,43.71517,0
            -70.405551,43.715868,0
            -70.406163,43.716419,0
            -70.40968,43.71917,0
            -70.412922,43.721684,0
            -70.413769,43.722397,0
            -70.414478,43.723141,0
            -70.415207,43.723987,0
            -70.416183,43.725374,0
            -70.41687,43.726251,0
            -70.417289,43.726662,0
            -70.417771,43.727034,0
            -70.418791,43.727607,0
            -70.419713,43.728204,0
            -70.420582,43.728801,0
            -70.421151,43.729429,0
            -70.421569,43.730042,0
            -70.421827,43.731034,0
            -70.421977,43.732026,0
            -70.422331,43.734437,0
            -70.422438,43.735034,0
            -70.422556,43.735585,0
            -70.422707,43.736081,0
            -70.423007,43.736616,0
            -70.423458,43.73712,0
            -70.423844,43.737561,0
            -70.424294,43.737965,0
            -70.424745,43.738321,0
            -70.425174,43.738577,0
            -70.427213,43.739685,0
            -70.42982,43.741228,0
            -70.430539,43.741708,0
            -70.431129,43.742243,0
            -70.431676,43.742894,0
            -70.432041,43.743545,0
            -70.432395,43.744429,0
            -70.43337,43.74757,0
            -70.433489,43.748041,0
            -70.433661,43.748521,0
            -70.433865,43.74894,0
            -70.434144,43.749327,0
            -70.434626,43.749699,0
            -70.435131,43.750009,0
            -70.43542,43.750141,0
            -70.435742,43.750265,0
            -70.436096,43.750358,0
            -70.436472,43.750443,0
            -70.438296,43.750521,0
            -70.440946,43.750536,0
            -70.44333,43.75055,0
            -70.444046,43.750505,0
            -70.444701,43.750428,0
            -70.446299,43.750141,0
            -70.449432,43.749599,0
            -70.45235,43.749134,0
            -70.452994,43.749064,0
            -70.453638,43.749072,0
            -70.454249,43.749095,0
            -70.454839,43.749172,0
            -70.45573,43.749335,0
            -70.45661,43.74956,0
            -70.457511,43.749901,0
            -70.458348,43.750288,0
            -70.458927,43.75049,0
            -70.45947,43.75067,0
            -70.460129,43.750808,0
            -70.460848,43.750893,0
            -70.462661,43.750916,0
            -70.46444,43.75092,0
            -70.467457,43.750808,0
            -70.47045,43.750645,0
            -70.471405,43.750629,0
            -70.47236,43.750738,0
            -70.473272,43.750885,0
            -70.474162,43.751187,0
            -70.475246,43.751536,0
            -70.476286,43.751939,0
            -70.480846,43.753729,0
            -70.487541,43.756271,0
            -70.490491,43.757403,0
            -70.49341,43.758487,0
            -70.493946,43.758642,0
            -70.494525,43.758782,0
            -70.49872,43.759766,0
            -70.504965,43.761254,0
            -70.510479,43.762571,0
            -70.513033,43.763183,0
            -70.513687,43.763338,0
            -70.514342,43.763462,0
            -70.515211,43.763578,0
            -70.516123,43.763664,0
            -70.517067,43.763687,0
            -70.518064,43.763625,0
            -70.520951,43.763392,0
            -70.523837,43.763206,0
            -70.524631,43.763245,0
            -70.525414,43.763346,0
            -70.526218,43.763516,0
            -70.527002,43.763718,0
            -70.527742,43.764005,0
            -70.528429,43.764307,0
            -70.52904,43.764717,0
            -70.529587,43.765136,0
            -70.530263,43.765926,0
            -70.530735,43.766662,0
            -70.531079,43.76753,0
            -70.531218,43.768359,0
            -70.531186,43.768894,0
            -70.531089,43.769366,0
            -70.531014,43.770079,0
            -70.53095,43.770815,0
            -70.530907,43.771559,0
            -70.531046,43.772248,0
            -70.531143,43.772558,0
            -70.531336,43.772876,0
            -70.532581,43.774944,0
            -70.532795,43.776005,0
            -70.533214,43.778802,0
            -70.533772,43.782063,0
            -70.533836,43.782536,0
            -70.533943,43.782993,0
            -70.534083,43.78345,0
            -70.534254,43.783891,0
            -70.534576,43.784488,0
            -70.534984,43.785007,0
            -70.53537,43.785386,0
            -70.535799,43.785758,0
            -70.536293,43.786153,0
            -70.536851,43.786509,0
            -70.537452,43.786796,0
            -70.538106,43.787075,0
            -70.542419,43.788748,0
            -70.548642,43.791156,0
            -70.553834,43.793178,0
            -70.55834,43.79492,0
            -70.561827,43.796283,0
            -70.562868,43.796662,0
            -70.563877,43.796949,0
            -70.564767,43.797166,0
            -70.565604,43.797321,0
            -70.566473,43.797468,0
            -70.567353,43.797569,0
            -70.572685,43.798265,0
            -70.578854,43.799048,0
            -70.583124,43.799605,0
            -70.585849,43.799961,0
            -70.58659,43.800039,0
            -70.58733,43.800085,0
            -70.588617,43.800085,0
            -70.589916,43.800023,0
            -70.591128,43.799907,0
            -70.59234,43.79976,0
            -70.59513,43.799458,0
            -70.599293,43.799009,0
            -70.600955,43.798839,0
            -70.601588,43.798738,0
            -70.603659,43.798498,0
            -70.606416,43.798219,0
            -70.611792,43.797661,0
            -70.616502,43.797104,0
            -70.621158,43.796608,0
            -70.627338,43.795935,0
            -70.631876,43.795431,0
            -70.63355,43.795245,0
            -70.636039,43.794967,0
            -70.638442,43.794695,0
            -70.643463,43.794153,0
            -70.645641,43.79389,0
            -70.647712,43.793681,0
            -70.649579,43.793511,0
            -70.651735,43.793263,0
            -70.656059,43.792783,0
            -70.65877,43.79244,0
            -70.659846,43.792395,0
            -70.660844,43.79245,0
            -70.661852,43.792612,0
            -70.662786,43.792883,0
            -70.663741,43.793301,0
            -70.664663,43.793805,0
            -70.666455,43.794819,0
            -70.66903,43.796291,0
            -70.671551,43.797739,0
            -70.674019,43.799148,0
            -70.676401,43.800496,0
            -70.679405,43.80223,0
            -70.682527,43.804034,0
            -70.685402,43.805629,0
            -70.686861,43.806489,0
            -70.688202,43.807186,0
            -70.689458,43.807797,0
            -70.690788,43.808425,0
            -70.693395,43.809462,0
            -70.694489,43.809896,0
            -70.695627,43.810291,0
            -70.696249,43.810422,0
            -70.696871,43.810531,0
            -70.697547,43.810554,0
            -70.698223,43.810523,0
            -70.698963,43.81043,0
            -70.699661,43.810267,0
            -70.700423,43.810012,0
            -70.702289,43.809315,0
            -70.705926,43.807906,0
            -70.70966,43.806427,0
            -70.712932,43.805204,0
            -70.713619,43.804948,0
            -70.714273,43.804739,0
            -70.714778,43.804592,0
            -70.715303,43.804499,0
            -70.715818,43.804391,0
            -70.716323,43.804313,0
            -70.71716,43.804174,0
            -70.719445,43.803887,0
            -70.72245,43.80347,0
            -70.725689,43.803005,0
            -70.7288,43.8026,0
            -70.736783,43.801518,0
            -70.740066,43.801076,0
            -70.74209,43.8008,0
            -70.74408,43.80062,0
            -70.74663,43.80046,0
            -70.74786,43.80042,0
            -70.75088,43.80046,0
            -70.7543,43.80069,0
            -70.75781,43.80114,0
            -70.75953,43.80146,0
            -70.76125,43.80181,0
            -70.76626,43.80298,0
            -70.77037,43.80398,0
            -70.77111,43.80419,0
            -70.77405,43.80543,0
            -70.77631,43.80647,0
            -70.77714,43.80696,0
            -70.77762,43.80731,0
            -70.77843,43.80804,0
            -70.77875,43.80838,0
            -70.77945,43.80957,0
            -70.77971,43.81039,0
            -70.78022,43.81249,0
            -70.78114,43.81788,0
            -70.78142,43.81992,0
            -70.78135,43.82059,0
            -70.781,43.82155,0
            -70.7782,43.82492,0
            -70.77789,43.82551,0
            -70.77775,43.82588,0
            -70.77771,43.82636,0
            -70.77769,43.82693,0
            -70.77774,43.82718,0
            -70.77936,43.83145,0
            -70.77979,43.8324,0
            -70.78029,43.83332,0
            -70.78138,43.83468,0
            -70.78603,43.83995,0
            -70.78797,43.84224,0
            -70.78846,43.84314,0
            -70.78857,43.84344,0
            -70.78869,43.84413,0
            -70.78879,43.84593,0
            -70.78886,43.84631,0
            -70.78897,43.84669,0
            -70.78964,43.8481,0
            -70.79014,43.84903,0
            -70.7904,43.84965,0
            -70.7906,43.85022,0
            -70.79084,43.85115,0
            -70.79131,43.85379,0
            -70.7914,43.8575,0
            -70.79165,43.85842,0
            -70.79211,43.8593,0
            -70.7927,43.85998,0
            -70.79764,43.86438,0
            -70.7984,43.86502,0
            -70.80145,43.86726,0
            -70.80222,43.8681,0
            -70.80288,43.86901,0
            -70.80421,43.87091,0
            -70.80444,43.87135,0
            -70.80465,43.87196,0
            -70.80471,43.87258,0
            -70.804503,43.874602,0
            -70.804589,43.875654,0
            -70.804954,43.876628,0
            -70.806402,43.878678,0
            -70.807132,43.879892,0
            -70.807936,43.881075,0
            -70.809481,43.882699,0
            -70.809953,43.883148,0
            -70.810983,43.884052,0
            -70.811917,43.884926,0
            -70.812947,43.885777,0
            -70.81351,43.886233,0
            -70.814813,43.887431,0
            -70.816213,43.888603,0
            -70.81704,43.889171,0
            -70.817941,43.889662,0
            -70.818821,43.890087,0
            -70.819722,43.890509,0
            -70.821717,43.891336,0
            -70.82418,43.892461,0
            -70.826572,43.893602,0
            -70.830477,43.895434,0
            -70.831325,43.895875,0
            -70.831765,43.896168,0
            -70.832677,43.897197,0
            -70.8339,43.898519,0
            -70.834512,43.899145,0
            -70.834941,43.899694,0
            -70.835563,43.900699,0
            -70.835692,43.900946,0
            -70.836089,43.901889,0
            -70.836582,43.902948,0
            -70.837559,43.905213,0
            -70.837902,43.905947,0
            -70.838181,43.906682,0
            -70.838546,43.907486,0
            -70.839425,43.90941,0
            -70.839876,43.910377,0
            -70.840144,43.910833,0
            -70.840487,43.911258,0
            -70.841163,43.911907,0
            -70.841507,43.912185,0
            -70.841904,43.912463,0
            -70.846903,43.915346,0
            -70.849811,43.916993,0
            -70.854564,43.91969,0
            -70.859188,43.922271,0
            -70.861645,43.9237,0
            -70.862707,43.924357,0
            -70.863801,43.924991,0
            -70.864885,43.925586,0
            -70.866001,43.926158,0
            -70.866762,43.926567,0
            -70.867492,43.927,0
            -70.868447,43.927495,0
            -70.870464,43.928715,0
            -70.870914,43.929156,0
            -70.871258,43.929581,0
            -70.871537,43.930029,0
            -70.871741,43.930485,0
            -70.871848,43.930972,0
            -70.871923,43.931451,0
            -70.872062,43.932447,0
            -70.872298,43.933413,0
            -70.872438,43.933854,0
            -70.872631,43.934286,0
            -70.872878,43.934657,0
            -70.873157,43.935013,0
            -70.873564,43.935468,0
            -70.873983,43.935824,0
            -70.874938,43.93655,0
            -70.877566,43.938412,0
            -70.880699,43.94073,0
            -70.881879,43.941541,0
            -70.882899,43.942259,0
            -70.883467,43.94273,0
            -70.883939,43.943202,0
            -70.885237,43.944584,0
            -70.886493,43.945967,0
            -70.888445,43.948099,0
            -70.890312,43.950115,0
            -70.892426,43.952494,0
            -70.893552,43.953691,0
            -70.894625,43.954811,0
            -70.896717,43.957167,0
            -70.897865,43.958279,0
            -70.899045,43.959345,0
            -70.900301,43.96038,0
            -70.901599,43.961399,0
            -70.90441,43.96332,0
            -70.911909,43.968287,0
            -70.91575,43.970797,0
            -70.917639,43.971986,0
            -70.91942,43.97316,0
            -70.921104,43.974248,0
            -70.922681,43.975329,0
            -70.923475,43.975893,0
            -70.924172,43.976472,0
            -70.924762,43.977043,0
            -70.925288,43.977615,0
            -70.92694,43.979514,0
            -70.927724,43.980309,0
            -70.928915,43.98166,0
            -70.930138,43.982988,0
            -70.932262,43.985319,0
            -70.933796,43.987079,0
            -70.935427,43.988832,0
            -70.93768,43.991317,0
            -70.939933,43.993764,0
            -70.941929,43.996056,0
            -70.94401,43.998356,0
            -70.945019,43.999406,0
            -70.945973,44.000479,0
            -70.947003,44.001636,0
            -70.947497,44.0022,0
            -70.94799,44.002686,0
            -70.948709,44.003365,0
            -70.949428,44.004029,0
            -70.95093,44.005356,0
            -70.95248,44.00668,0
            -70.95373,44.00727,0
            -70.955018,44.007825,0
            -70.955887,44.008149,0
            -70.956799,44.008443,0
            -70.957882,44.008705,0
            -70.958923,44.00889,0
            -70.960146,44.009045,0
            -70.961369,44.009106,0
            -70.963043,44.009099,0
            -70.964717,44.009045,0
            -70.967892,44.008983,0
            -70.969877,44.00896,0
            -70.971873,44.008921,0
            -70.973471,44.008867,0
            -70.975006,44.008836,0
            -70.979877,44.008697,0
            -70.983127,44.008612,0
            -70.984597,44.008558,0
            -70.986013,44.008504,0
            -70.986689,44.008443,0
            -70.987355,44.008311,0
            -70.987988,44.008119,0
            -70.988599,44.007902,0
            -70.989157,44.007632,0
            -70.989683,44.007316,0
            -70.990015,44.007046,0
            -70.990595,44.006567,0
            -70.992365,44.004739,0
            -70.994049,44.003095,0
            -70.995305,44.001752,0
            -70.996581,44.000448,0
          </coordinates>
        </LineString>
      </Placemark>
      <Placemark>
        <name><![CDATA[Bridgton & Saco Valley]]></name>
        <description>Very very approximate!</description>
        <styleUrl>#line-0000FF-5000</styleUrl>
        <LineString>
          <tessellate>1</tessellate>
          <coordinates>
            -70.705991,44.052634,0
            -70.706002,44.05238,0
            -70.705991,44.052187,0
            -70.705894,44.051979,0
            -70.705658,44.051455,0
            -70.705411,44.051154,0
            -70.705122,44.050853,0
            -70.704414,44.049966,0
            -70.703791,44.049026,0
            -70.703394,44.048524,0
            -70.702128,44.047005,0
            -70.701871,44.046712,0
            -70.701667,44.046404,0
            -70.701474,44.045949,0
            -70.701302,44.045455,0
            -70.701184,44.0449,0
            -70.701098,44.044391,0
            -70.701066,44.043882,0
            -70.70064,44.04011,0
            -70.699886,44.033933,0
            -70.699714,44.032575,0
            -70.699725,44.031889,0
            -70.699779,44.03121,0
            -70.699875,44.030639,0
            -70.700026,44.030068,0
            -70.700219,44.02949,0
            -70.700433,44.028903,0
            -70.701174,44.027854,0
            -70.702,44.026828,0
            -70.702944,44.025826,0
            -70.703942,44.024854,0
            -70.70451,44.024221,0
            -70.705068,44.023596,0
            -70.706452,44.022501,0
            -70.708297,44.021876,0
            -70.708791,44.021729,0
            -70.709231,44.021559,0
            -70.709714,44.021305,0
            -70.71016,44.02104,0
            -70.710883,44.020479,0
            -70.712482,44.019067,0
            -70.714746,44.017077,0
            -70.717063,44.015048,0
            -70.719423,44.013018,0
            -70.729476,44.004237,0
            -70.729873,44.003751,0
            -70.730238,44.003234,0
            -70.731311,44.001675,0
            -70.732749,43.999761,0
            -70.734401,43.997445,0
            -70.735463,43.995948,0
            -70.73571,43.995593,0
            -70.73591,43.99524,0
            -70.736482,43.993648,0
            -70.736954,43.992074,0
            -70.737362,43.990507,0
            -70.737544,43.989889,0
            -70.737566,43.989526,0
            -70.737544,43.988893,0
            -70.737491,43.986547,0
            -70.737469,43.98569,0
            -70.737469,43.984848,0
            -70.737469,43.984555,0
            -70.73748,43.984161,0
            -70.737555,43.983737,0
            -70.737662,43.983335,0
            -70.737791,43.983019,0
            -70.737952,43.982687,0
            -70.738209,43.982046,0
            -70.738853,43.98051,0
            -70.739572,43.978958,0
            -70.73998,43.978116,0
            -70.740312,43.977375,0
            -70.740377,43.977167,0
            -70.740355,43.976974,0
            -70.740205,43.976734,0
            -70.740012,43.976503,0
            -70.739508,43.976078,0
            -70.738907,43.975654,0
            -70.738606,43.975291,0
            -70.738338,43.974951,0
            -70.738049,43.974565,0
            -70.7378,43.97418,0
            -70.737426,43.9737,0
            -70.737104,43.973252,0
            -70.736761,43.972774,0
            -70.736525,43.972287,0
            -70.736471,43.971878,0
            -70.736482,43.971345,0
            -70.736675,43.970751,0
            -70.736954,43.970202,0
            -70.737362,43.9696,0
            -70.737727,43.969029,0
            -70.737909,43.96872,0
            -70.738006,43.968426,0
            -70.738016,43.968102,0
            -70.737984,43.967762,0
            -70.73778,43.967098,0
            -70.737534,43.96645,0
            -70.737126,43.965368,0
            -70.736954,43.964805,0
            -70.73676,43.96425,0
            -70.736032,43.962766,0
            -70.735892,43.962573,0
            -70.735806,43.962326,0
            -70.735785,43.962079,0
            -70.735785,43.961584,0
            -70.735903,43.961106,0
            -70.736074,43.960596,0
            -70.736096,43.960264,0
            -70.736085,43.95994,0
            -70.735967,43.959314,0
            -70.73572,43.957986,0
            -70.735162,43.955414,0
            -70.734884,43.954101,0
            -70.734648,43.952788,0
            -70.733929,43.949474,0
            -70.731719,43.939022,0
            -70.731472,43.938319,0
            -70.731279,43.937616,0
            -70.731236,43.937214,0
            -70.73127,43.93685,0
            -70.731525,43.936496,0
            -70.731922,43.936125,0
            -70.73366,43.935067,0
            -70.735055,43.934248,0
            -70.735785,43.933869,0
            -70.736557,43.93349,0
            -70.736986,43.933351,0
            -70.737469,43.933282,0
            -70.73836,43.933282,0
            -70.739197,43.933313,0
            -70.739551,43.933328,0
            -70.739872,43.933336,0
            -70.740162,43.933259,0
            -70.7405,43.93317,0
            -70.740827,43.933042,0
            -70.741106,43.932865,0
            -70.741353,43.932671,0
            -70.741568,43.932417,0
            -70.741739,43.932154,0
            -70.741879,43.931899,0
            -70.741954,43.931636,0
            -70.741965,43.931528,0
            -70.741975,43.931404,0
            -70.741975,43.931088,0
            -70.741868,43.930663,0
            -70.741836,43.930415,0
            -70.741868,43.930191,0
            -70.741932,43.92972,0
            -70.742276,43.928746,0
            -70.742404,43.92826,0
            -70.742587,43.927765,0
            -70.74264,43.927371,0
            -70.74263,43.926985,0
            -70.742587,43.92659,0
            -70.742587,43.926189,0
            -70.742791,43.925447,0
            -70.743037,43.924697,0
            -70.743595,43.923152,0
            -70.743874,43.922402,0
            -70.744185,43.921591,0
            -70.744454,43.92081,0
            -70.744765,43.920007,0
            -70.74514,43.918847,0
            -70.745355,43.918275,0
            -70.745612,43.917665,0
            -70.745999,43.916459,0
            -70.746245,43.915849,0
            -70.746535,43.915238,0
            -70.747039,43.914558,0
            -70.747586,43.913847,0
            -70.748413,43.91285,0
            -70.750118,43.910786,0
            -70.752769,43.907625,0
            -70.75309,43.907262,0
            -70.753251,43.907076,0
            -70.753444,43.906883,0
            -70.753627,43.906674,0
            -70.753895,43.906481,0
            -70.754582,43.906148,0
            -70.755161,43.905978,0
            -70.755816,43.905839,0
            -70.756599,43.905685,0
            -70.75736,43.905515,0
            -70.758498,43.905283,0
            -70.759023,43.905136,0
            -70.759463,43.904997,0
            -70.759935,43.904796,0
            -70.760343,43.904579,0
            -70.761094,43.904061,0
            -70.761834,43.903474,0
            -70.76251,43.90284,0
            -70.763154,43.902237,0
            -70.763497,43.90192,0
            -70.763712,43.901572,0
            -70.763916,43.901309,0
            -70.763991,43.900961,0
            -70.764055,43.900621,0
            -70.76406,43.90028,0
            -70.763969,43.900011,0
            -70.763851,43.899709,0
            -70.76339,43.89872,0
            -70.762585,43.897204,0
            -70.762049,43.896192,0
            -70.761877,43.89579,0
            -70.761652,43.895063,0
            -70.761309,43.893795,0
            -70.761094,43.893022,0
            -70.76089,43.892256,0
            -70.760751,43.891846,0
            -70.760633,43.891429,0
            -70.760558,43.891058,0
            -70.76058,43.89069,0
            -70.760772,43.8903,0
            -70.76148,43.88914,0
            -70.761727,43.888808,0
            -70.761963,43.888444,0
            -70.762285,43.887973,0
            -70.76247,43.88763,0
            -70.762628,43.887277,0
            -70.762714,43.886883,0
            -70.762961,43.885359,0
            -70.763036,43.8843,0
            -70.763133,43.883867,0
            -70.763143,43.883449,0
            -70.76309,43.883039,0
            -70.763122,43.882653,0
            -70.763218,43.882251,0
            -70.76332,43.882077,0
            -70.763476,43.881918,0
            -70.763669,43.881787,0
            -70.763867,43.881698,0
            -70.764055,43.881655,0
            -70.764254,43.881651,0
            -70.764651,43.881636,0
            -70.764951,43.881651,0
            -70.765246,43.881632,0
            -70.7659,43.88166,0
            -70.76648,43.881709,0
            -70.767059,43.881763,0
            -70.767328,43.881779,0
            -70.767617,43.881787,0
            -70.767843,43.881779,0
            -70.76809,43.88175,0
            -70.768465,43.881647,0
            -70.768808,43.881501,0
            -70.769151,43.881207,0
            -70.769355,43.881037,0
            -70.769634,43.880866,0
            -70.770128,43.880379,0
            -70.770718,43.879931,0
            -70.771254,43.879583,0
            -70.771608,43.879413,0
            -70.77204,43.87925,0
            -70.772671,43.879103,0
            -70.773443,43.878995,0
            -70.773947,43.878918,0
            -70.774409,43.878871,0
            -70.774913,43.878833,0
            -70.775417,43.878833,0
            -70.77619,43.878817,0
            -70.776941,43.87884,0
            -70.777777,43.878848,0
            -70.77848,43.87888,0
            -70.781962,43.879049,0
            -70.786597,43.879219,0
            -70.787433,43.879219,0
            -70.788249,43.87925,0
            -70.788656,43.879308,0
            -70.788994,43.879358,0
            -70.789483,43.87942,0
            -70.79004,43.879583,0
            -70.79033,43.879645,0
            -70.790641,43.879629,0
            -70.790952,43.879598,0
            -70.791183,43.879559,0
            -70.791526,43.879478,0
            -70.791961,43.879378,0
            -70.792353,43.879316,0
            -70.792728,43.879219,0
            -70.7932,43.879103,0
            -70.793501,43.879003,0
            -70.79379,43.878879,0
            -70.794123,43.878662,0
            -70.794482,43.878392,0
            -70.795383,43.877959,0
            -70.795759,43.877758,0
            -70.796403,43.877433,0
            -70.797599,43.876729,0
            -70.799063,43.875847,0
            -70.799321,43.875662,0
            -70.799557,43.875472,0
            -70.799729,43.875337,0
            -70.799911,43.875159,0
            -70.800201,43.874803,0
            -70.800469,43.874409,0
            -70.800791,43.873705,0
            -70.80107,43.87297,0
            -70.801209,43.872336,0
            -70.801316,43.87171,0
            -70.801563,43.870387,0
            -70.801724,43.86925,0
            -70.80181,43.868175,0
            -70.801831,43.867811,0
            -70.801799,43.867502,0
            -70.801671,43.867146,0
            -70.801381,43.866852,0
            -70.800717,43.86636,0
            -70.799934,43.865895,0
            -70.799258,43.865571,0
            -70.798883,43.865377,0
            -70.798561,43.865137,0
          </coordinates>
        </LineString>
      </Placemark>
      <Placemark>
        <name>Unnamed branch</name>
        <styleUrl>#line-993300-5000-nodesc</styleUrl>
        <LineString>
          <tessellate>1</tessellate>
          <coordinates>
            -70.28085,43.654863,0
            -70.280507,43.655593,0
            -70.279884,43.656338,0
            -70.279412,43.656943,0
            -70.278983,43.657316,0
            -70.278275,43.657782,0
            -70.277181,43.658418,0
            -70.275421,43.65952,0
            -70.274498,43.660017,0
            -70.27349,43.660452,0
            -70.272245,43.660762,0
            -70.270765,43.660716,0
            -70.269392,43.660374,0
            -70.268909,43.660192,0
            -70.268541,43.660096,0
            -70.268056,43.660008,0
            -70.267522,43.659942,0
            -70.266967,43.659878,0
            -70.266259,43.659878,0
            -70.265636,43.659971,0
            -70.264961,43.66008,0
            -70.263914,43.660312,0
            -70.263963,43.660235,0
            -70.263941,43.660219,0
            -70.263912,43.660314,0
            -70.263104,43.660421,0
            -70.262246,43.660638,0
            -70.261323,43.661088,0
            -70.260551,43.661601,0
            -70.260079,43.661973,0
            -70.259714,43.662392,0
            -70.259264,43.663122,0
            -70.258985,43.663991,0
            -70.25877,43.665248,0
            -70.258534,43.66739,0
            -70.258362,43.668679,0
            -70.258126,43.669967,0
            -70.257933,43.671022,0
            -70.257611,43.671938,0
            -70.256946,43.673009,0
            -70.256474,43.673381,0
            -70.25598,43.673537,0
            -70.254693,43.673769,0
            -70.25214,43.673614,0
            -70.249586,43.672978,0
            -70.244629,43.670774,0
            -70.241668,43.669424,0
            -70.240874,43.668787,0
            -70.23963,43.667158,0
            -70.239222,43.666428,0
            -70.239308,43.665605,0
            -70.239801,43.664783,0
            -70.241067,43.663836,0
            -70.243492,43.662222,0
            -70.246003,43.660731,0
            -70.248749,43.658853,0
            -70.248728,43.658837,0
            -70.249329,43.658356,0
          </coordinates>
        </LineString>
      </Placemark>
      <Placemark>
        <name>Portland and Lewiston Interurban Railroad</name>
        <description>Very approximate route. This was an electric railway that in the cities ran on streets.</description>
        <styleUrl>#line-7C3592-5000</styleUrl>
        <LineString>
          <tessellate>1</tessellate>
          <coordinates>
            -70.218242,44.098733,0
            -70.22013,44.097376,0
            -70.222019,44.097038,0
            -70.225581,44.097407,0
            -70.229142,44.097777,0
            -70.231932,44.097962,0
            -70.234464,44.097993,0
            -70.236524,44.097099,0
            -70.239271,44.094818,0
            -70.241116,44.092075,0
            -70.243991,44.088068,0
            -70.245493,44.083722,0
            -70.250557,44.07361,0
            -70.257102,44.058932,0
            -70.269805,44.040856,0
            -70.279933,44.033761,0
            -70.285426,44.030614,0
            -70.288001,44.028207,0
            -70.292121,44.02222,0
            -70.297185,44.015061,0
            -70.303021,44.008703,0
            -70.305425,44.005554,0
            -70.30697,44.001726,0
            -70.308772,43.996787,0
            -70.309287,43.992774,0
            -70.309544,43.987586,0
            -70.310145,43.984066,0
            -70.31169,43.980978,0
            -70.313922,43.978446,0
            -70.316411,43.976346,0
            -70.318986,43.974678,0
            -70.32096,43.973072,0
            -70.322591,43.971096,0
            -70.324908,43.96708,0
            -70.32714,43.962447,0
            -70.329715,43.956145,0
            -70.332032,43.951387,0
            -70.332719,43.947309,0
            -70.333663,43.942303,0
            -70.33598,43.929324,0
            -70.338384,43.917145,0
            -70.340014,43.907128,0
            -70.341474,43.899088,0
            -70.341903,43.896614,0
            -70.341645,43.894635,0
            -70.341216,43.892718,0
            -70.340186,43.890553,0
            -70.336152,43.883625,0
            -70.32877,43.871313,0
            -70.326968,43.868157,0
            -70.325595,43.865125,0
            -70.324393,43.860917,0
            -70.323192,43.856585,0
            -70.322762,43.853428,0
            -70.32302,43.850457,0
            -70.323878,43.844082,0
            -70.324736,43.838572,0
            -70.324222,43.835414,0
            -70.322247,43.82947,0
            -70.318128,43.814732,0
            -70.317098,43.811326,0
            -70.316926,43.809653,0
            -70.315295,43.792246,0
            -70.313493,43.777436,0
            -70.312377,43.768264,0
            -70.312034,43.766094,0
            -70.310918,43.763863,0
            -70.308257,43.759648,0
            -70.305596,43.756548,0
            -70.304309,43.754378,0
            -70.303536,43.751588,0
            -70.303021,43.747124,0
            -70.302163,43.738939,0
            -70.30182,43.734102,0
            -70.30285,43.723496,0
            -70.303708,43.71537,0
            -70.304137,43.711213,0
            -70.30388,43.709352,0
            -70.301906,43.705381,0
            -70.298816,43.699486,0
            -70.294867,43.692474,0
            -70.292808,43.688812,0
            -70.290871,43.68734,0
            -70.290045,43.686762,0
            -70.288698,43.68402,0
            -70.285598,43.675094,0
            -70.284482,43.671618,0
            -70.283774,43.67039,0
            -70.282207,43.669472,0
            -70.27607,43.66565,0
            -70.274536,43.664726,0
            -70.271312,43.664912,0
            -70.268627,43.665037,0
            -70.267473,43.664513,0
            -70.266748,43.66374,0
            -70.26611,43.662751,0
            -70.265128,43.661699,0
            -70.259612,43.657213,0
          </coordinates>
        </LineString>
      </Placemark>
    </Folder>
    <Folder>
      <name>VT</name>
      <Placemark>
        <name>Delaware and Hudson RR</name>
        <description><![CDATA[K332C<br>Not 100% accurate but much more so than the Google track.]]></description>
        <styleUrl>#line-0000FF-5000</styleUrl>
        <LineString>
          <tessellate>1</tessellate>
          <coordinates>
            -73.169487,43.614128,0
            -73.170265,43.61386,0
            -73.17064,43.61372,0
            -73.170995,43.613557,0
            -73.171338,43.613378,0
            -73.171697,43.61318,0
            -73.17203,43.612978,0
            -73.172346,43.612749,0
            -73.1749,43.610803,0
            -73.176101,43.609925,0
            -73.17667,43.609482,0
            -73.177185,43.609024,0
            -73.177625,43.608573,0
            -73.178006,43.608096,0
            -73.178387,43.607641,0
            -73.178741,43.607175,0
            -73.17902,43.606779,0
            -73.179374,43.606173,0
            -73.179975,43.605175,0
            -73.180768,43.60387,0
            -73.18123,43.602972,0
            -73.182013,43.601954,0
            -73.183,43.600921,0
            -73.184105,43.599732,0
            -73.185436,43.598715,0
            -73.190489,43.595824,0
            -73.195928,43.592662,0
            -73.199136,43.590828,0
            -73.200016,43.590191,0
            -73.200735,43.58946,0
            -73.201035,43.589072,0
            -73.201271,43.588644,0
            -73.201475,43.588201,0
            -73.201636,43.587743,0
            -73.201936,43.585839,0
            -73.202237,43.584059,0
            -73.202591,43.582272,0
            -73.20272,43.581323,0
            -73.202752,43.580321,0
            -73.202827,43.579311,0
            -73.202881,43.578813,0
            -73.203031,43.578339,0
            -73.20317,43.577958,0
            -73.203417,43.577616,0
            -73.203707,43.577274,0
            -73.204082,43.576956,0
            -73.205917,43.575626,0
            -73.207805,43.574328,0
            -73.211131,43.572066,0
            -73.216485,43.56839,0
            -73.217611,43.56769,0
            -73.21907,43.566672,0
            -73.220551,43.565669,0
            -73.221753,43.564814,0
            -73.222643,43.563997,0
            -73.223469,43.56315,0
            -73.224585,43.561914,0
            -73.225175,43.561292,0
            -73.22569,43.560623,0
            -73.225958,43.56018,0
            -73.226184,43.559721,0
            -73.226388,43.559255,0
            -73.226548,43.558773,0
            -73.227021,43.55728,0
            -73.227525,43.55529,0
            -73.229059,43.550236,0
            -73.230228,43.546293,0
            -73.230808,43.544302,0
            -73.231419,43.542296,0
            -73.232299,43.539379,0
            -73.232718,43.53787,0
            -73.2329,43.537124,0
            -73.233029,43.536362,0
            -73.233018,43.534417,0
            -73.233029,43.533468,0
            -73.233072,43.532986,0
            -73.23319,43.532512,0
            -73.233533,43.530699,0
            -73.233908,43.528871,0
            -73.234327,43.526716,0
            -73.234756,43.524554,0
            -73.235325,43.521559,0
            -73.235883,43.518781,0
            -73.236333,43.516463,0
            -73.23688,43.513607,0
            -73.237417,43.510752,0
            -73.238157,43.5069,0
            -73.238457,43.505243,0
            -73.238565,43.504682,0
            -73.238704,43.504145,0
            -73.238854,43.503593,0
            -73.239101,43.503056,0
            -73.239713,43.502052,0
            -73.240088,43.501562,0
            -73.240517,43.501079,0
            -73.242277,43.498994,0
            -73.243918,43.4969,0
            -73.245828,43.494713,0
            -73.247824,43.49254,0
          </coordinates>
        </LineString>
      </Placemark>
      <Placemark>
        <name><![CDATA[Clarendon & Pittsford RR]]></name>
        <description><![CDATA[Built 1885-1909<br>Quarry railroad.]]></description>
        <styleUrl>#line-009900-5000</styleUrl>
        <LineString>
          <tessellate>1</tessellate>
          <coordinates>
            -73.067071,43.719204,0
            -73.067071,43.717374,0
            -73.066771,43.715761,0
            -73.065741,43.714241,0
            -73.064883,43.713031,0
            -73.063552,43.711605,0
            -73.062565,43.709929,0
            -73.061707,43.707944,0
            -73.060634,43.705835,0
            -73.059647,43.703787,0
            -73.058918,43.701243,0
            -73.058746,43.699816,0
            -73.058918,43.697209,0
            -73.058918,43.695379,0
            -73.058274,43.694324,0
            -73.056772,43.693641,0
            -73.054583,43.692307,0
            -73.053167,43.690724,0
            -73.05248,43.689545,0
            -73.052378,43.688871,0
            -73.052207,43.688126,0
            -73.052035,43.687521,0
            -73.05167,43.686706,0
            -73.051391,43.686132,0
            -73.051198,43.685674,0
            -73.051198,43.685333,0
            -73.051316,43.684922,0
            -73.051584,43.684348,0
            -73.051831,43.683805,0
            -73.052046,43.683285,0
            -73.0524,43.682649,0
            -73.052807,43.681981,0
            -73.052947,43.681601,0
            -73.053054,43.681244,0
            -73.053022,43.680973,0
            -73.052861,43.680569,0
            -73.052657,43.68008,0
            -73.052007,43.678675,0
            -73.051626,43.677996,0
            -73.051439,43.67722,0
            -73.051412,43.676723,0
            -73.05146,43.676126,0
            -73.051433,43.675598,0
            -73.051337,43.675136,0
            -73.051111,43.674492,0
            -73.05064,43.672515,0
            -73.050351,43.6717,0
            -73.0502,43.670784,0
            -73.050082,43.670008,0
            -73.049911,43.669465,0
            -73.049417,43.668394,0
            -73.048859,43.667525,0
            -73.048398,43.666601,0
            -73.047969,43.665879,0
            -73.047475,43.665251,0
            -73.047025,43.664847,0
            -73.046551,43.664457,0
            -73.04558,43.663801,0
            -73.044437,43.663118,0
            -73.043815,43.662722,0
            -73.043552,43.662509,0
            -73.043332,43.662284,0
            -73.043144,43.661977,0
            -73.043016,43.661655,0
            -73.042876,43.66122,0
            -73.042828,43.661022,0
            -73.042812,43.660809,0
            -73.042817,43.66065,0
            -73.042839,43.660518,0
            -73.042881,43.660374,0
            -73.042935,43.660211,0
            -73.043053,43.659982,0
            -73.043219,43.659734,0
            -73.043391,43.659548,0
            -73.04359,43.659361,0
            -73.043799,43.659187,0
            -73.044029,43.659012,0
            -73.045322,43.658263,0
            -73.045748,43.657916,0
            -73.04607,43.65738,0
            -73.046317,43.656907,0
            -73.046359,43.656519,0
            -73.046306,43.656193,0
            -73.046113,43.65575,0
            -73.045877,43.655254,0
            -73.045565,43.654609,0
            -73.045222,43.654105,0
            -73.044975,43.653693,0
            -73.044857,43.653398,0
            -73.044782,43.652979,0
            -73.044718,43.652079,0
            -73.044686,43.65145,0
            -73.044621,43.650914,0
            -73.044471,43.650542,0
            -73.044257,43.649796,0
            -73.044053,43.649043,0
            -73.043784,43.648345,0
            -73.043591,43.64777,0
            -73.043377,43.64718,0
            -73.043216,43.646528,0
            -73.043055,43.645985,0
            -73.042969,43.645154,0
            -73.042948,43.64437,0
            -73.042873,43.643764,0
            -73.04269,43.643228,0
            -73.042615,43.642607,0
            -73.042518,43.639424,0
            -73.041875,43.637661,0
            -73.041242,43.636163,0
            -73.040094,43.633756,0
            -73.038442,43.631302,0
            -73.037379,43.629974,0
            -73.035566,43.627644,0
            -73.033699,43.62498,0
            -73.031597,43.620654,0
            -73.031017,43.619707,0
            -73.030427,43.619148,0
            -73.029708,43.618309,0
            -73.028936,43.616662,0
            -73.028496,43.615707,0
            -73.027412,43.614899,0
            -73.026264,43.614262,0
            -73.025653,43.613881,0
            -73.025277,43.613361,0
            -73.02517,43.612809,0
            -73.025149,43.612211,0
            -73.025116,43.611178,0
            -73.025097,43.610248,0
            -73.024989,43.60927,0
            -73.024839,43.608633,0
            -73.024646,43.608213,0
            -73.024002,43.607654,0
            -73.0222,43.606566,0
            -73.020655,43.60582,0
            -73.019367,43.605183,0
            -73.018509,43.604795,0
            -73.017908,43.604235,0
            -73.017501,43.603536,0
            -73.017179,43.602899,0
            -73.017458,43.601609,0
            -73.018252,43.600211,0
            -73.018745,43.599341,0
            -73.019333,43.598367,0
            -73.020052,43.597544,0
            -73.020868,43.596922,0
            -73.022005,43.596207,0
            -73.023829,43.5955,0
            -73.02561,43.595104,0
            -73.027369,43.594645,0
            -73.030266,43.594001,0
            -73.032487,43.593511,0
            -73.033592,43.59334,0
            -73.03504,43.593348,0
            -73.03636,43.593542,0
            -73.037283,43.593775,0
            -73.038742,43.594288,0
            -73.040008,43.594847,0
            -73.041295,43.59543,0
            -73.046628,43.59773,0
            -73.04828,43.598445,0
            -73.04917,43.59902,0
            -73.05078,43.601017,0
            -73.051209,43.602353,0
            -73.051488,43.603114,0
            -73.051971,43.604117,0
            -73.052464,43.605103,0
            -73.053076,43.606199,0
            -73.05344,43.60689,0
          </coordinates>
        </LineString>
      </Placemark>
      <Placemark>
        <name>Springfield Terminal RY</name>
        <description><![CDATA[Electric Rail.<br>#35 in Lindsell.<br>Not complete.]]></description>
        <styleUrl>#line-993399-5000</styleUrl>
        <LineString>
          <tessellate>1</tessellate>
          <coordinates>
            -72.471357,43.291327,0
            -72.471046,43.29114,0
            -72.470993,43.290757,0
            -72.470842,43.290047,0
            -72.47074,43.289238,0
            -72.470751,43.288621,0
            -72.470735,43.287723,0
            -72.470644,43.286747,0
            -72.470483,43.285868,0
            -72.470349,43.284763,0
            -72.470123,43.284193,0
            -72.469871,43.283408,0
            -72.469528,43.28249,0
            -72.469077,43.281581,0
            -72.468863,43.281065,0
            -72.468627,43.28062,0
            -72.468348,43.280245,0
            -72.467532,43.279483,0
            -72.466776,43.278851,0
            -72.465376,43.277726,0
            -72.463461,43.276156,0
            -72.461857,43.27475,0
            -72.460816,43.27352,0
            -72.460473,43.27302,0
            -72.459722,43.272231,0
            -72.459035,43.271899,0
            -72.458284,43.271625,0
            -72.457056,43.271235,0
            -72.455768,43.270852,0
            -72.455189,43.270754,0
            -72.454808,43.270766,0
            -72.454325,43.270895,0
            -72.453934,43.271074,0
            -72.453724,43.271176,0
            -72.453317,43.271199,0
            -72.45248,43.271301,0
            -72.451579,43.271442,0
            -72.450871,43.271567,0
            -72.450109,43.271578,0
            -72.449444,43.271547,0
            -72.448757,43.271434,0
            -72.448103,43.271254,0
            -72.447668,43.271059,0
            -72.446778,43.270368,0
            -72.446027,43.269836,0
            -72.4452,43.26911,0
            -72.444256,43.268282,0
            -72.443393,43.267485,0
            -72.443162,43.267157,0
            -72.443081,43.266809,0
            -72.443253,43.266379,0
            -72.443494,43.266,0
            -72.443452,43.265872,0
            -72.44313,43.26568,0
            -72.442845,43.265442,0
            -72.44262,43.265247,0
            -72.442314,43.26511,0
            -72.441874,43.265012,0
            -72.441456,43.264911,0
            -72.441113,43.264829,0
            -72.440421,43.264665,0
            -72.43975,43.264508,0
            -72.439155,43.264372,0
            -72.438693,43.26429,0
            -72.438291,43.264297,0
            -72.437819,43.264379,0
            -72.437497,43.264442,0
            -72.437283,43.264485,0
            -72.436934,43.264477,0
            -72.436607,43.264442,0
            -72.436076,43.264508,0
            -72.435282,43.264594,0
            -72.434708,43.264676,0
            -72.434171,43.264727,0
            -72.433758,43.264731,0
            -72.432943,43.264739,0
            -72.431934,43.264778,0
            -72.430883,43.264856,0
            -72.430212,43.264891,0
            -72.429772,43.264879,0
            -72.429225,43.264719,0
            -72.428903,43.264477,0
            -72.428689,43.264309,0
            -72.42855,43.263998,0
            -72.428454,43.263341,0
            -72.428314,43.262623,0
            -72.428078,43.262013,0
            -72.427756,43.261404,0
            -72.427456,43.260755,0
            -72.427112,43.260099,0
            -72.426823,43.259505,0
            -72.426705,43.259224,0
            -72.426705,43.258818,0
            -72.426662,43.2582,0
            -72.426758,43.257708,0
            -72.426876,43.257294,0
            -72.426994,43.256552,0
            -72.426994,43.255544,0
            -72.427016,43.254723,0
            -72.426918,43.25408,0
            -72.426746,43.253518,0
            -72.426424,43.252986,0
            -72.426145,43.25258,0
            -72.425764,43.252056,0
            -72.425426,43.25165,0
            -72.425228,43.251314,0
            -72.425104,43.251103,0
            -72.425029,43.250888,0
            -72.425002,43.250724,0
            -72.425045,43.250193,0
            -72.425126,43.249649,0
            -72.425117,43.248839,0
          </coordinates>
        </LineString>
      </Placemark>
      <Placemark>
        <name>Woodstock R/R</name>
        <description><![CDATA[Lindsell #49.  Very approximate where it doesn't follow route 4.]]></description>
        <styleUrl>#line-CC0000-5000</styleUrl>
        <LineString>
          <tessellate>1</tessellate>
          <coordinates>
            -72.509111,43.626858,0
            -72.508532,43.626834,0
            -72.508001,43.626908,0
            -72.507641,43.627005,0
            -72.507362,43.627184,0
            -72.5071,43.627444,0
            -72.506987,43.627619,0
            -72.506842,43.627906,0
            -72.506595,43.62836,0
            -72.506381,43.628888,0
            -72.506295,43.629253,0
            -72.506188,43.629603,0
            -72.505844,43.630383,0
            -72.505517,43.631047,0
            -72.505131,43.631921,0
            -72.504723,43.632558,0
            -72.504117,43.633233,0
            -72.503543,43.63373,0
            -72.502883,43.634266,0
            -72.502255,43.634709,0
            -72.50151,43.635283,0
            -72.500861,43.63571,0
            -72.498972,43.636588,0
            -72.497663,43.636883,0
            -72.495732,43.637349,0
            -72.49438,43.637721,0
            -72.491827,43.638358,0
            -72.48981,43.638901,0
            -72.48848,43.639165,0
            -72.487106,43.63929,0
            -72.485797,43.639072,0
            -72.48436,43.638591,0
            -72.483072,43.638358,0
            -72.481849,43.638296,0
            -72.480304,43.638591,0
            -72.478158,43.638808,0
            -72.47597,43.638731,0
            -72.474597,43.63856,0
            -72.473245,43.63828,0
            -72.472343,43.637814,0
            -72.471614,43.637302,0
            -72.471185,43.636417,0
            -72.470734,43.635376,0
            -72.470562,43.634118,0
            -72.470412,43.633404,0
            -72.470069,43.632829,0
            -72.469618,43.632099,0
            -72.469039,43.631338,0
            -72.46861,43.630841,0
            -72.468073,43.630375,0
            -72.465842,43.628465,0
            -72.464705,43.627673,0
            -72.46361,43.626927,0
            -72.461872,43.626726,0
            -72.460027,43.626694,0
            -72.458482,43.62657,0
            -72.457044,43.626834,0
            -72.455971,43.627331,0
            -72.455049,43.628123,0
            -72.454813,43.62876,0
            -72.454705,43.629366,0
            -72.454963,43.629847,0
            -72.45537,43.630608,0
            -72.455928,43.631385,0
            -72.456293,43.632503,0
            -72.456057,43.633497,0
            -72.455585,43.634305,0
            -72.45492,43.634817,0
            -72.454169,43.635159,0
            -72.452645,43.635485,0
            -72.451208,43.635734,0
            -72.449813,43.636106,0
            -72.448504,43.636463,0
            -72.447088,43.636914,0
            -72.445393,43.637768,0
            -72.443633,43.639072,0
            -72.442796,43.639818,0
            -72.44168,43.640905,0
            -72.441187,43.641867,0
            -72.44065,43.64342,0
            -72.440372,43.644647,0
            -72.440093,43.645827,0
            -72.439234,43.646821,0
            -72.438333,43.647457,0
            -72.437239,43.647721,0
            -72.436252,43.64769,0
            -72.435093,43.647582,0
            -72.433763,43.647302,0
            -72.432089,43.646867,0
            -72.430565,43.646479,0
            -72.429214,43.646044,0
            -72.42769,43.645516,0
            -72.426381,43.645082,0
            -72.424986,43.644725,0
            -72.423763,43.644383,0
            -72.422626,43.644057,0
            -72.420909,43.643591,0
            -72.419493,43.643156,0
            -72.418334,43.642908,0
            -72.416811,43.642706,0
            -72.415481,43.642628,0
            -72.414601,43.642535,0
            -72.413571,43.642225,0
            -72.412691,43.641728,0
            -72.412004,43.641013,0
            -72.411532,43.640128,0
            -72.411361,43.639445,0
            -72.411082,43.638669,0
            -72.41046,43.638016,0
            -72.409794,43.63769,0
            -72.409215,43.637457,0
            -72.408142,43.637271,0
            -72.407091,43.637116,0
            -72.405932,43.637022,0
            -72.404194,43.637085,0
            -72.402627,43.637116,0
            -72.401168,43.637178,0
            -72.399817,43.637255,0
            -72.399001,43.637255,0
            -72.397757,43.637116,0
            -72.396491,43.636976,0
            -72.394946,43.637054,0
            -72.393615,43.63755,0
            -72.392607,43.638265,0
            -72.391856,43.639134,0
            -72.391963,43.641013,0
            -72.392499,43.641697,0
            -72.393293,43.642535,0
            -72.393959,43.64356,0
            -72.394259,43.644554,0
            -72.394195,43.64561,0
            -72.393808,43.646929,0
            -72.393444,43.648529,0
            -72.3931,43.649522,0
            -72.392521,43.650594,0
            -72.391663,43.651572,0
            -72.390032,43.652705,0
            -72.389023,43.65345,0
            -72.38838,43.654304,0
            -72.388101,43.655189,0
            -72.387886,43.656788,0
            -72.387457,43.659831,0
            -72.387371,43.661601,0
            -72.387929,43.663091,0
            -72.388444,43.664177,0
            -72.388144,43.665636,0
            -72.387071,43.666723,0
            -72.385826,43.667127,0
            -72.384453,43.667002,0
            -72.38308,43.666382,0
            -72.380934,43.665574,0
            -72.378745,43.664798,0
            -72.376385,43.664395,0
            -72.374153,43.664177,0
            -72.371235,43.664271,0
            -72.36836,43.663712,0
            -72.364411,43.663401,0
            -72.361236,43.662967,0
            -72.358489,43.662253,0
            -72.352738,43.6607,0
            -72.349563,43.659458,0
            -72.346902,43.658092,0
            -72.344885,43.657502,0
            -72.343211,43.657285,0
            -72.340851,43.657347,0
            -72.338877,43.656943,0
            -72.337332,43.656229,0
            -72.335186,43.655764,0
            -72.333469,43.655143,0
            -72.331538,43.653776,0
            -72.330294,43.652721,0
            -72.328963,43.652162,0
            -72.327118,43.6521,0
            -72.325616,43.651851,0
            -72.323942,43.651572,0
            -72.322783,43.65123,0
            -72.321367,43.650578,0
            -72.319994,43.649895,0
          </coordinates>
        </LineString>
      </Placemark>
      <Placemark>
        <name>Central Vermont RR: Brattleboro and Whitehall RR</name>
        <description><![CDATA[Lindsell #17.<br>aka West River RR.<br>Very approximate - because I don't believe for one moment the track that Google has provided for the rail trail.<br>Needs to be extended to Brattleboro]]></description>
        <styleUrl>#line-FFCC00-5000</styleUrl>
        <LineString>
          <tessellate>1</tessellate>
          <coordinates>
            -72.8151,43.19206,0
            -72.81455,43.19155,0
            -72.81355,43.19093,0
            -72.81327,43.19061,0
            -72.81269,43.18961,0
            -72.81238,43.18922,0
            -72.81185,43.18886,0
            -72.81086,43.18806,0
            -72.81013,43.18717,0
            -72.80968,43.18692,0
            -72.80863,43.18667,0
            -72.80752,43.18647,0
            -72.8067,43.18627,0
            -72.8059,43.18597,0
            -72.80529,43.18557,0
            -72.80367,43.18394,0
            -72.80268,43.1826,0
            -72.80185,43.18131,0
            -72.80171,43.18092,0
            -72.80153,43.17976,0
            -72.80133,43.17914,0
            -72.80105,43.17871,0
            -72.80047,43.17815,0
            -72.80018,43.17768,0
            -72.79951,43.17645,0
            -72.79914,43.17586,0
            -72.79883,43.17512,0
            -72.79864,43.17442,0
            -72.79827,43.17111,0
            -72.79827,43.17031,0
            -72.79847,43.16855,0
            -72.79853,43.16718,0
            -72.79823,43.16571,0
            -72.79798,43.16499,0
            -72.79754,43.16317,0
            -72.79705,43.1598,0
            -72.79734,43.15885,0
            -72.79741,43.15877,0
            -72.79815,43.15827,0
            -72.79856,43.1579,0
            -72.79897,43.15729,0
            -72.79905,43.15701,0
            -72.79875,43.15581,0
            -72.79838,43.15468,0
            -72.79799,43.15406,0
            -72.79677,43.15262,0
            -72.79619,43.15135,0
            -72.79552,43.15022,0
            -72.79498,43.14875,0
            -72.79483,43.14741,0
            -72.79513,43.14542,0
            -72.79514,43.14512,0
            -72.79487,43.14461,0
            -72.79449,43.14406,0
            -72.79373,43.14337,0
            -72.79336,43.1429,0
            -72.79299,43.14234,0
            -72.79285,43.14179,0
            -72.79287,43.14121,0
            -72.79303,43.14059,0
            -72.79335,43.13987,0
            -72.79372,43.13879,0
            -72.79461,43.1368,0
            -72.79511,43.13552,0
            -72.79538,43.13455,0
            -72.79561,43.13406,0
            -72.79596,43.13363,0
            -72.79659,43.13315,0
            -72.79704,43.13291,0
            -72.79729,43.13215,0
            -72.79721,43.13118,0
            -72.79717,43.12964,0
            -72.79742,43.12817,0
            -72.7982,43.12623,0
            -72.79777,43.12579,0
            -72.79665,43.12535,0
            -72.79519,43.12501,0
            -72.79352,43.12476,0
            -72.79197,43.12438,0
            -72.79043,43.12407,0
            -72.78828,43.12532,0
            -72.78721,43.1262,0
            -72.78588,43.12682,0
            -72.78416,43.12717,0
            -72.78206,43.12736,0
            -72.77974,43.1277,0
            -72.77802,43.12758,0
            -72.77382,43.12786,0
            -72.7724,43.12751,0
            -72.77154,43.12701,0
            -72.77073,43.12617,0
            -72.77026,43.12538,0
            -72.7691,43.12488,0
            -72.76712,43.12451,0
            -72.76545,43.12463,0
            -72.76382,43.12451,0
            -72.76275,43.1241,0
            -72.76155,43.12357,0
            -72.76056,43.12244,0
            -72.75957,43.12106,0
            -72.75846,43.11981,0
            -72.75743,43.11887,0
            -72.75631,43.11824,0
            -72.75537,43.11724,0
            -72.75494,43.11611,0
            -72.75507,43.11552,0
            -72.75571,43.1152,0
            -72.75661,43.11505,0
            -72.75966,43.11552,0
            -72.76069,43.11501,0
            -72.76133,43.11429,0
            -72.76309,43.11332,0
            -72.76751,43.11126,0
            -72.76893,43.11072,0
            -72.77004,43.11072,0
            -72.77077,43.11104,0
            -72.7718,43.11129,0
            -72.77395,43.11094,0
            -72.77463,43.11053,0
            -72.77506,43.10997,0
            -72.77524,43.10944,0
            -72.7748,43.108229,0
            -72.774274,43.107249,0
            -72.773534,43.105934,0
            -72.773051,43.105236,0
            -72.772654,43.104719,0
            -72.772386,43.104108,0
            -72.772332,43.10345,0
            -72.77171,43.102808,0
            -72.771015,43.102056,0
            -72.770081,43.101422,0
            -72.768837,43.100936,0
            -72.767538,43.10045,0
            -72.766433,43.100137,0
            -72.765511,43.099651,0
            -72.76476,43.098891,0
            -72.764266,43.098139,0
            -72.764223,43.097395,0
            -72.764706,43.096306,0
            -72.765468,43.09481,0
            -72.765747,43.093728,0
            -72.765607,43.092906,0
            -72.765371,43.09137,0
            -72.764545,43.090242,0
            -72.763547,43.088981,0
            -72.76255,43.087649,0
            -72.761895,43.086779,0
            -72.760972,43.086364,0
            -72.760039,43.086183,0
            -72.758773,43.085995,0
            -72.757561,43.085839,0
            -72.756777,43.085737,0
            -72.756155,43.085455,0
            -72.755404,43.085047,0
            -72.754396,43.084546,0
            -72.753385,43.084005,0
            -72.752516,43.083378,0
            -72.751606,43.082767,0
            -72.750716,43.082352,0
            -72.749589,43.082022,0
            -72.748473,43.08167,0
            -72.747293,43.081333,0
            -72.746027,43.080941,0
            -72.744965,43.080541,0
            -72.744096,43.080157,0
            -72.743377,43.07982,0
            -72.742712,43.079523,0
            -72.74224,43.079186,0
            -72.741982,43.078802,0
            -72.741628,43.078277,0
            -72.741285,43.077728,0
            -72.740963,43.077258,0
            -72.74048,43.076811,0
            -72.739772,43.076498,0
            -72.738699,43.076137,0
            -72.737905,43.075855,0
            -72.736886,43.075636,0
            -72.735908,43.075385,0
            -72.734835,43.07515,0
            -72.733108,43.074876,0
            -72.731917,43.074774,0
            -72.730919,43.07468,0
            -72.730007,43.074664,0
            -72.729288,43.074703,0
            -72.727754,43.074844,0
            -72.726359,43.075111,0
            -72.725127,43.075573,0
            -72.724194,43.076169,0
            -72.72325,43.07678,0
            -72.722381,43.077579,0
            -72.721222,43.078669,0
            -72.720503,43.079625,0
            -72.719581,43.080541,0
            -72.718572,43.08156,0
            -72.717757,43.082124,0
            -72.716888,43.082587,0
            -72.716147,43.08283,0
            -72.715203,43.082971,0
            -72.714291,43.0829,0
            -72.713551,43.082704,0
            -72.712768,43.082289,0
            -72.71221,43.081827,0
            -72.711963,43.080784,0
            -72.711791,43.079813,0
            -72.711319,43.078402,0
            -72.710847,43.076451,0
            -72.71044,43.07504,0
            -72.710289,43.074053,0
            -72.710225,43.073238,0
            -72.710214,43.072799,0
            -72.710107,43.072281,0
            -72.709839,43.071788,0
            -72.709302,43.071411,0
            -72.708583,43.071004,0
            -72.707929,43.070698,0
            -72.707124,43.070479,0
            -72.706459,43.07033,0
            -72.70588,43.069977,0
            -72.705247,43.069507,0
            -72.704721,43.06906,0
            -72.704464,43.068551,0
            -72.704024,43.068041,0
            -72.70353,43.067485,0
            -72.702382,43.066889,0
            -72.701792,43.066529,0
            -72.701545,43.066058,0
            -72.701567,43.065517,0
            -72.701331,43.064937,0
            -72.701063,43.064216,0
            -72.700408,43.063095,0
            -72.699936,43.062445,0
            -72.699657,43.062037,0
            -72.699636,43.061786,0
            -72.699764,43.06134,0
            -72.700065,43.060681,0
            -72.700376,43.060172,0
            -72.700601,43.059858,0
            -72.700773,43.059552,0
            -72.70102,43.059098,0
            -72.701342,43.058784,0
            -72.701824,43.058345,0
            -72.702264,43.058024,0
            -72.702479,43.057843,0
            -72.702629,43.0576,0
            -72.702865,43.057271,0
            -72.703294,43.056699,0
            -72.703519,43.056213,0
            -72.703616,43.055985,0
            -72.703455,43.055836,0
            -72.703176,43.055617,0
            -72.702994,43.055225,0
            -72.702844,43.054661,0
            -72.702264,43.054198,0
            -72.701427,43.053688,0
            -72.700633,43.053265,0
            -72.699936,43.052489,0
            -72.699432,43.051697,0
            -72.698874,43.051062,0
            -72.697919,43.050678,0
            -72.696996,43.050098,0
            -72.69646,43.049455,0
            -72.695934,43.04893,0
            -72.695323,43.048428,0
            -72.694722,43.047816,0
            -72.694196,43.047322,0
            -72.693853,43.04686,0
            -72.693316,43.046342,0
            -72.692855,43.045942,0
            -72.692372,43.045637,0
            -72.691814,43.045425,0
            -72.691042,43.045174,0
            -72.690259,43.045158,0
            -72.689325,43.045362,0
            -72.688317,43.045723,0
            -72.687094,43.04624,0
            -72.68631,43.046538,0
            -72.685592,43.046773,0
            -72.683671,43.047275,0
            -72.682115,43.047659,0
            -72.681279,43.047832,0
            -72.680624,43.04784,0
            -72.680077,43.047706,0
            -72.679101,43.047377,0
            -72.677684,43.04682,0
            -72.676547,43.046287,0
            -72.675678,43.045754,0
            -72.67511,43.045339,0
            -72.674713,43.044798,0
            -72.674058,43.043943,0
            -72.673457,43.043065,0
            -72.67291,43.042194,0
            -72.672502,43.041645,0
            -72.672138,43.041144,0
            -72.671826,43.040838,0
            -72.671043,43.04043,0
            -72.670206,43.03985,0
            -72.669455,43.039332,0
            -72.668501,43.038721,0
            -72.66775,43.038266,0
            -72.66687,43.037803,0
            -72.666162,43.037348,0
            -72.6654,43.036862,0
            -72.664606,43.03636,0
            -72.664102,43.035945,0
            -72.66334,43.035427,0
            -72.66261,43.034847,0
            -72.661977,43.03447,0
            -72.661301,43.033992,0
            -72.660754,43.033537,0
            -72.660229,43.033012,0
            -72.65981,43.032447,0
            -72.659284,43.03142,0
            -72.658866,43.030596,0
            -72.658081,43.02942,0
            -72.657609,43.02851,0
            -72.657115,43.027537,0
            -72.656643,43.026769,0
            -72.656279,43.025969,0
            -72.655892,43.025514,0
            -72.655486,43.025051,0
            -72.654929,43.024471,0
            -72.654038,43.023482,0
            -72.653459,43.022573,0
            -72.6526,43.021349,0
            -72.652225,43.020776,0
            -72.651721,43.020337,0
            -72.650712,43.019749,0
            -72.649425,43.018957,0
            -72.648395,43.018203,0
            -72.647654,43.017796,0
            -72.647097,43.017325,0
            -72.646914,43.016925,0
            -72.64686,43.016407,0
            -72.646818,43.01585,0
            -72.646764,43.015356,0
            -72.647021,43.014964,0
            -72.647451,43.014815,0
            -72.648084,43.014791,0
            -72.648631,43.014666,0
            -72.648792,43.014305,0
            -72.648876,43.01385,0
            -72.648951,43.01341,0
            -72.648974,43.012751,0
            -72.648384,43.011551,0
            -72.647837,43.010225,0
            -72.64686,43.009339,0
            -72.646131,43.008358,0
            -72.646152,43.007032,0
            -72.64582,43.005965,0
            -72.645412,43.004655,0
            -72.644822,43.003894,0
            -72.644253,43.003125,0
            -72.64388,43.002278,0
            -72.643858,43.00176,0
            -72.644202,43.000881,0
            -72.644588,42.999939,0
            -72.644995,42.998794,0
            -72.645489,42.997664,0
            -72.646154,42.996816,0
            -72.647141,42.995498,0
            -72.647871,42.994133,0
            -72.649051,42.992563,0
            -72.649823,42.99148,0
            -72.650703,42.990272,0
            -72.651755,42.989079,0
            -72.652484,42.988419,0
            -72.653171,42.987635,0
            -72.653621,42.98696,0
            -72.654072,42.986128,0
            -72.654587,42.985155,0
            -72.655081,42.983805,0
            -72.655574,42.982549,0
            -72.656196,42.981042,0
            -72.656561,42.979001,0
            -72.656754,42.977541,0
            -72.657655,42.976678,0
            -72.658235,42.975956,0
            -72.658471,42.975092,0
            -72.660282,42.973467,0
            -72.660572,42.972533,0
            -72.66039,42.971756,0
            -72.659263,42.969723,0
            -72.658383,42.968459,0
            -72.657729,42.967438,0
            -72.656452,42.966527,0
            -72.654843,42.965577,0
            -72.653759,42.964839,0
            -72.652686,42.964219,0
            -72.646837,42.962704,0
            -72.645636,42.961416,0
            -72.646194,42.959689,0
            -72.646194,42.956014,0
            -72.645764,42.954192,0
            -72.644992,42.952402,0
            -72.644586,42.951208,0
            -72.643974,42.950086,0
            -72.643138,42.948743,0
            -72.641743,42.947698,0
            -72.6404,42.947093,0
            -72.638814,42.946701,0
            -72.634329,42.946709,0
            -72.630123,42.946771,0
            -72.627828,42.947046,0
            -72.62683,42.947494,0
            -72.625532,42.947957,0
            -72.624598,42.948138,0
            -72.623708,42.948162,0
            -72.622485,42.948036,0
            -72.621798,42.947894,0
            -72.621369,42.94762,0
            -72.621219,42.947188,0
            -72.621068,42.946866,0
            -72.620468,42.946214,0
            -72.619277,42.945586,0
            -72.618279,42.94469,0
            -72.617453,42.943528,0
            -72.617109,42.942884,0
            -72.616605,42.941729,0
            -72.616101,42.940575,0
            -72.615607,42.939664,0
            -72.615468,42.938721,0
            -72.615446,42.937598,0
            -72.615286,42.936868,0
            -72.615007,42.936184,0
            -72.614374,42.934841,0
            -72.613707,42.933427,0
            -72.613492,42.931448,0
            -72.613406,42.928777,0
            -72.613792,42.926357,0
            -72.613878,42.925226,0
            -72.613537,42.924417,0
            -72.612957,42.923725,0
            -72.613,42.923168,0
            -72.613344,42.921643,0
            -72.613494,42.920701,0
            -72.613301,42.919978,0
            -72.61256,42.918854,0
            -72.611359,42.917369,0
            -72.610565,42.916277,0
            -72.608956,42.914336,0
            -72.607571,42.912592,0
            -72.606713,42.911688,0
            -72.605683,42.911005,0
            -72.603849,42.909732,0
            -72.602411,42.908687,0
            -72.600984,42.907704,0
            -72.599879,42.906973,0
            -72.599396,42.906573,0
            -72.599321,42.906148,0
            -72.599503,42.905347,0
            -72.599546,42.904254,0
            -72.599782,42.903335,0
            -72.600008,42.902659,0
            -72.600061,42.902187,0
            -72.60004,42.901323,0
            -72.600051,42.900671,0
            -72.599986,42.900231,0
            -72.599686,42.899822,0
            -72.599214,42.899397,0
            -72.598484,42.899004,0
            -72.597068,42.898148,0
            -72.595909,42.89748,0
            -72.594536,42.896985,0
            -72.593785,42.896654,0
            -72.593002,42.896332,0
            -72.592369,42.895798,0
            -72.591371,42.894917,0
            -72.590899,42.894375,0
            -72.590652,42.893919,0
            -72.590609,42.893503,0
            -72.590405,42.893031,0
            -72.590137,42.892371,0
            -72.589644,42.891593,0
            -72.589214,42.89094,0
            -72.588946,42.89028,0
            -72.588721,42.889604,0
            -72.588732,42.889219,0
            -72.588667,42.888881,0
            -72.588431,42.887945,0
            -72.588195,42.887222,0
            -72.587938,42.886349,0
            -72.587659,42.885571,0
            -72.587337,42.885021,0
            -72.586865,42.884557,0
            -72.586339,42.88414,0
            -72.585631,42.883802,0
            -72.584869,42.883339,0
            -72.584376,42.883016,0
            -72.58311,42.882435,0
            -72.582176,42.881963,0
            -72.581232,42.88153,0
            -72.579419,42.881129,0
            -72.578046,42.881106,0
            -72.575331,42.881098,0
            -72.570171,42.87561,0
            -72.555778,42.867598,0
          </coordinates>
        </LineString>
      </Placemark>
    </Folder>
    <Folder>
      <name>NH - Northern</name>
      <Placemark>
        <name>Upper Coos RR (part)</name>
        <description><![CDATA[K307<br>Quebec Jct to Waumbek Jct.  Opened 1889, Freight only ~1933, Abandoned 1977]]></description>
        <styleUrl>#line-0000FF-5000</styleUrl>
        <LineString>
          <tessellate>1</tessellate>
          <coordinates>
            -71.519945,44.374846,0
            -71.522563,44.372024,0
            -71.52576,44.368596,0
            -71.528528,44.365627,0
            -71.52988,44.36417,0
            -71.5315,44.362506,0
            -71.531972,44.362122,0
            -71.532465,44.361769,0
            -71.533055,44.361493,0
            -71.53372,44.361179,0
            -71.53459,44.36091,0
            -71.535523,44.360611,0
            -71.536467,44.360335,0
            -71.53739,44.360013,0
            -71.538237,44.359637,0
            -71.539181,44.359131,0
            -71.539793,44.358663,0
            -71.540565,44.35821,0
            -71.541874,44.357336,0
            -71.542754,44.35676,0
            -71.544353,44.355663,0
            -71.546692,44.354129,0
            -71.548644,44.352879,0
            -71.549975,44.351782,0
            -71.550533,44.351145,0
            -71.551273,44.349986,0
            -71.551852,44.349004,0
            -71.552314,44.348222,0
            -71.552743,44.347416,0
            -71.553161,44.346848,0
          </coordinates>
        </LineString>
      </Placemark>
      <Placemark>
        <name>Jefferson Branch</name>
        <description><![CDATA[K29<br>Very Approximate]]></description>
        <styleUrl>#line-0000FF-5000</styleUrl>
        <LineString>
          <tessellate>1</tessellate>
          <coordinates>
            -71.472239,44.415771,0
            -71.470951,44.414698,0
            -71.469943,44.413728,0
            -71.468859,44.412797,0
            -71.468366,44.412372,0
            -71.46799,44.411862,0
            -71.467395,44.411047,0
            -71.461537,44.403358,0
            -71.461376,44.403005,0
            -71.461301,44.402637,0
            -71.461247,44.402269,0
            -71.46129,44.401901,0
            -71.462299,44.398337,0
            -71.463329,44.394772,0
            -71.465399,44.387612,0
            -71.469541,44.373318,0
            -71.470184,44.371831,0
            -71.471,44.370742,0
            -71.471214,44.370465,0
            -71.471483,44.370189,0
            -71.471783,44.369967,0
            -71.472137,44.369783,0
            -71.472566,44.369629,0
            -71.473038,44.369491,0
            -71.47351,44.369392,0
            -71.473982,44.369323,0
            -71.475871,44.369177,0
          </coordinates>
        </LineString>
      </Placemark>
      <Placemark>
        <name>Sugar River RR</name>
        <description><![CDATA[K316, K376 <br>Not at all accurate.  Needs refinement.]]></description>
        <styleUrl>#line-FFFF00-5000</styleUrl>
        <LineString>
          <tessellate>1</tessellate>
          <coordinates>
            -72.317505,43.643231,0
            -72.317162,43.644784,0
            -72.317162,43.646274,0
            -72.316132,43.64702,0
            -72.314672,43.647206,0
            -72.311754,43.646771,0
            -72.310038,43.644846,0
            -72.313213,43.63969,0
            -72.314072,43.637454,0
            -72.312784,43.635218,0
            -72.310295,43.633976,0
            -72.30772,43.633789,0
            -72.305231,43.634535,0
            -72.297506,43.634907,0
            -72.293901,43.63646,0
            -72.288322,43.639131,0
            -72.28549,43.639815,0
            -72.279396,43.641119,0
            -72.278109,43.641057,0
            -72.273903,43.64056,0
            -72.267208,43.639193,0
            -72.26326,43.638883,0
            -72.260256,43.639007,0
            -72.256651,43.64056,0
            -72.254677,43.642361,0
            -72.251158,43.643976,0
            -72.248926,43.644597,0
            -72.242146,43.645529,0
            -72.239313,43.64497,0
            -72.236824,43.643603,0
            -72.227983,43.639504,0
            -72.225838,43.638697,0
            -72.224121,43.638386,0
            -72.215195,43.638262,0
            -72.210217,43.638262,0
            -72.207212,43.638448,0
            -72.204037,43.639939,0
            -72.202406,43.640622,0
            -72.199831,43.641243,0
            -72.195368,43.641554,0
            -72.192879,43.642237,0
            -72.190304,43.643976,0
            -72.18936,43.645839,0
            -72.187214,43.648386,0
            -72.185154,43.649628,0
            -72.1836,43.65013,0
            -72.17159,43.64827,0
            -72.16507,43.64579,0
            -72.16322,43.64483,0
            -72.16206,43.64223,0
            -72.16167,43.63791,0
            -72.16009,43.63583,0
            -72.15751,43.63505,0
            -72.15498,43.63555,0
            -72.15288,43.63682,0
            -72.15077,43.63915,0
            -72.14863,43.64061,0
            -72.1458,43.6412,0
            -72.14314,43.64139,0
            -72.13678,43.64198,0
            -72.13361,43.64213,0
            -72.1312,43.64179,0
            -72.12867,43.64105,0
            -72.12588,43.64089,0
            -72.11919,43.64179,0
            -72.11691,43.64213,0
            -72.1152,43.64257,0
            -72.08966,43.6503,0
            -72.087,43.65095,0
            -72.08451,43.65111,0
            -72.08237,43.6508,0
            -72.08039,43.65011,0
            -72.07808,43.64924,0
            -72.07537,43.64878,0
            -72.049627,43.645529,0
            -72.046452,43.645156,0
            -72.038383,43.645653,0
            -72.030659,43.646212,0
            -72.023878,43.645839,0
            -72.020617,43.646026,0
            -72.01787,43.64615,0
            -72.008257,43.644473,0
            -72.005424,43.64379,0
            -72.003965,43.643231,0
            -72.002077,43.641926,0
            -71.999159,43.638262,0
            -71.996498,43.636771,0
            -71.987486,43.632671,0
            -71.982937,43.631863,0
            -71.977959,43.630062,0
            -71.975985,43.627701,0
            -71.97504,43.622233,0
            -71.974783,43.620742,0
            -71.972809,43.616331,0
            -71.971178,43.612043,0
            -71.967487,43.608811,0
            -71.965942,43.607817,0
            -71.965084,43.605393,0
            -71.965342,43.603528,0
            -71.966972,43.601477,0
            -71.969376,43.59837,0
            -71.970406,43.59551,0
            -71.970234,43.592651,0
            -71.969976,43.590102,0
            -71.971436,43.588051,0
            -71.973667,43.585439,0
            -71.974869,43.583201,0
            -71.975384,43.581212,0
            -71.975126,43.576921,0
            -71.971436,43.571574,0
            -71.967659,43.569584,0
            -71.951094,43.560628,0
            -71.947575,43.558513,0
            -71.943884,43.557953,0
            -71.939163,43.558327,0
            -71.92852,43.559944,0
            -71.910067,43.560006,0
            -71.907492,43.558949,0
            -71.900024,43.553288,0
            -71.897621,43.551795,0
            -71.890326,43.547938,0
            -71.888866,43.546508,0
            -71.883459,43.536242,0
            -71.881828,43.534251,0
            -71.879768,43.533131,0
            -71.869211,43.52921,0
            -71.864405,43.527157,0
            -71.862774,43.524792,0
            -71.863203,43.522054,0
            -71.864662,43.518817,0
            -71.867409,43.512344,0
            -71.86964,43.506804,0
            -71.871529,43.505185,0
            -71.874533,43.504189,0
            -71.87788,43.503255,0
            -71.879854,43.50201,0
            -71.880455,43.501014,0
            -71.881399,43.496718,0
            -71.883373,43.492422,0
            -71.885347,43.488499,0
            -71.886635,43.485759,0
            -71.888266,43.474611,0
            -71.884489,43.466015,0
            -71.881399,43.457978,0
            -71.881313,43.453554,0
            -71.880541,43.449878,0
            -71.877537,43.445392,0
            -71.875734,43.443709,0
            -71.868782,43.441092,0
            -71.860199,43.437851,0
            -71.853333,43.43542,0
            -71.847925,43.436231,0
            -71.837111,43.435109,0
            -71.825609,43.43355,0
            -71.820889,43.433675,0
            -71.80501,43.434859,0
            -71.79883,43.435296,0
            -71.796341,43.435981,0
            -71.788101,43.4381,0
            -71.778831,43.440468,0
            -71.770506,43.442463,0
            -71.760292,43.446638,0
            -71.7554,43.449317,0
            -71.750765,43.451623,0
            -71.749735,43.453118,0
            -71.749048,43.456483,0
            -71.747932,43.460159,0
            -71.74716,43.46427,0
            -71.745615,43.470188,0
            -71.742954,43.472617,0
            -71.738148,43.473988,0
            -71.734285,43.474486,0
            -71.73008,43.473988,0
            -71.725445,43.472306,0
            -71.71772,43.468631,0
            -71.699438,43.465641,0
            -71.686563,43.461841,0
            -71.682615,43.459909,0
            -71.674633,43.455735,0
            -71.672401,43.45343,0
            -71.663647,43.445205,0
            -71.661415,43.442961,0
            -71.658583,43.43835,0
            -71.655321,43.435046,0
            -71.652746,43.429624,0
            -71.652832,43.42551,0
            -71.654377,43.419774,0
            -71.65781,43.41566,0
            -71.657209,43.411794,0
            -71.653519,43.407367,0
            -71.649828,43.402316,0
            -71.645536,43.396329,0
            -71.645107,43.392837,0
            -71.646051,43.389781,0
            -71.648026,43.387223,0
            -71.65,43.383668,0
            -71.651115,43.378864,0
            -71.65266,43.374435,0
            -71.651802,43.37013,0
            -71.65,43.364577,0
            -71.64897,43.362705,0
            -71.638927,43.356402,0
            -71.634979,43.353656,0
            -71.633606,43.350847,0
            -71.634636,43.346728,0
            -71.635065,43.344731,0
            -71.634722,43.342046,0
            -71.631031,43.333806,0
            -71.630344,43.331059,0
            -71.629314,43.327126,0
            -71.62837,43.325065,0
            -71.62468,43.320819,0
            -71.618671,43.316323,0
            -71.615152,43.313825,0
            -71.60511,43.303332,0
            -71.592665,43.291526,0
            -71.590605,43.288027,0
            -71.587601,43.282717,0
            -71.583738,43.27928,0
            -71.564083,43.267219,0
            -71.562109,43.265906,0
            -71.560478,43.264094,0
            -71.55962,43.261219,0
            -71.559706,43.256531,0
            -71.560392,43.25203,0
            -71.562023,43.248216,0
            -71.56271,43.244965,0
            -71.562538,43.24359,0
            -71.557903,43.232772,0
            -71.556444,43.230646,0
            -71.553783,43.228582,0
            -71.552839,43.227644,0
            -71.54314,43.219263,0
            -71.54048,43.216699,0
            -71.538334,43.213759,0
            -71.536789,43.211444,0
            -71.534643,43.208504,0
          </coordinates>
        </LineString>
      </Placemark>
      <Placemark>
        <name>White Mountains R/R</name>
        <description><![CDATA[70B (Lindsell)<br>Whitefield and Jefferson Branch.<br>Whitefield Jct. to Berlin Mills.<br>Needs completion from Androscoggin R. to Berlin Mills]]></description>
        <styleUrl>#line-006600-5000</styleUrl>
        <LineString>
          <tessellate>1</tessellate>
          <coordinates>
            -71.520568,44.374028,0
            -71.520364,44.373989,0
            -71.520144,44.37394,0
            -71.519854,44.373871,0
            -71.519608,44.373775,0
            -71.519361,44.373656,0
            -71.519087,44.373522,0
            -71.518894,44.373368,0
            -71.518653,44.373192,0
            -71.518476,44.373012,0
            -71.518288,44.372843,0
            -71.518041,44.372609,0
            -71.517816,44.372425,0
            -71.51751,44.372187,0
            -71.51722,44.371961,0
            -71.516893,44.3717,0
            -71.516539,44.371443,0
            -71.516207,44.371248,0
            -71.515826,44.371075,0
            -71.515456,44.370933,0
            -71.514973,44.370803,0
            -71.514587,44.370711,0
            -71.514152,44.370611,0
            -71.513793,44.370565,0
            -71.51338,44.370523,0
            -71.512972,44.370488,0
            -71.512553,44.370458,0
            -71.512119,44.370416,0
            -71.51155,44.37037,0
            -71.511143,44.370335,0
            -71.510633,44.370297,0
            -71.510075,44.370247,0
            -71.509522,44.370205,0
            -71.508841,44.370147,0
            -71.508321,44.370097,0
            -71.507693,44.37004,0
            -71.507178,44.370024,0
            -71.506594,44.370055,0
            -71.506111,44.370116,0
            -71.505499,44.370189,0
            -71.504834,44.370258,0
            -71.504228,44.370339,0
            -71.503675,44.370416,0
            -71.503005,44.370488,0
            -71.502361,44.370569,0
            -71.501674,44.370657,0
            -71.500945,44.370734,0
            -71.500403,44.370791,0
            -71.499684,44.370864,0
            -71.498971,44.370926,0
            -71.498128,44.371018,0
            -71.497394,44.37111,0
            -71.496744,44.371171,0
            -71.49616,44.371248,0
            -71.495516,44.371286,0
            -71.494888,44.371282,0
            -71.494164,44.371244,0
            -71.493537,44.37119,0
            -71.49278,44.37106,0
            -71.492104,44.370864,0
            -71.49123,44.370577,0
            -71.490506,44.370258,0
            -71.489572,44.369718,0
            -71.488955,44.3693,0
            -71.488365,44.368863,0
            -71.487936,44.368579,0
            -71.487249,44.368253,0
            -71.48659,44.368069,0
            -71.485983,44.367988,0
            -71.485522,44.367973,0
            -71.485141,44.368,0
            -71.484551,44.368053,0
            -71.483382,44.368172,0
            -71.482126,44.368364,0
            -71.481054,44.36856,0
            -71.480029,44.368705,0
            -71.478935,44.36887,0
            -71.478055,44.36897,0
            -71.4771,44.369043,0
            -71.476006,44.369073,0
            -71.474943,44.369047,0
            -71.473527,44.369131,0
            -71.47247,44.369215,0
            -71.471376,44.369296,0
            -71.467192,44.369468,0
            -71.466301,44.369518,0
            -71.465357,44.369718,0
            -71.464177,44.370001,0
            -71.463313,44.370304,0
            -71.462348,44.370627,0
            -71.460696,44.371194,0
            -71.459928,44.371474,0
            -71.459011,44.371727,0
            -71.458153,44.371861,0
            -71.456822,44.37193,0
            -71.455256,44.371969,0
            -71.454194,44.37203,0
            -71.452869,44.372107,0
            -71.45171,44.372183,0
            -71.450267,44.372264,0
            -71.448808,44.372348,0
            -71.447252,44.372433,0
            -71.44574,44.372509,0
            -71.443664,44.372628,0
            -71.442483,44.372663,0
            -71.441384,44.372659,0
            -71.440681,44.372628,0
            -71.439914,44.372532,0
            -71.439345,44.372475,0
            -71.438541,44.372421,0
            -71.43772,44.372352,0
            -71.436996,44.372329,0
            -71.436341,44.372321,0
            -71.435858,44.372245,0
            -71.435177,44.372091,0
            -71.434587,44.371903,0
            -71.433755,44.3717,0
            -71.432849,44.371478,0
            -71.432162,44.371294,0
            -71.430966,44.370979,0
            -71.43022,44.370788,0
            -71.428868,44.370442,0
            -71.428096,44.370228,0
            -71.427361,44.370101,0
            -71.42639,44.370013,0
            -71.425451,44.369936,0
            -71.424684,44.369898,0
            -71.423756,44.369814,0
            -71.423096,44.369741,0
            -71.422576,44.369645,0
            -71.422206,44.369545,0
            -71.421702,44.369373,0
            -71.421133,44.369142,0
            -71.420736,44.368935,0
            -71.420065,44.368567,0
            -71.419481,44.368241,0
            -71.419009,44.367973,0
            -71.418381,44.367616,0
            -71.417641,44.367221,0
            -71.416949,44.366826,0
            -71.416273,44.366473,0
            -71.4155,44.366167,0
            -71.414959,44.366044,0
            -71.414277,44.365944,0
            -71.413521,44.36581,0
            -71.412722,44.365699,0
            -71.412094,44.365603,0
            -71.411557,44.365453,0
            -71.411059,44.365262,0
            -71.410549,44.364974,0
            -71.410179,44.36474,0
            -71.409793,44.364464,0
            -71.409063,44.363973,0
            -71.408323,44.363486,0
            -71.407641,44.363045,0
            -71.407212,44.362838,0
            -71.406681,44.362665,0
            -71.405533,44.362297,0
            -71.404707,44.36204,0
            -71.403935,44.361787,0
            -71.402765,44.361419,0
            -71.401832,44.361089,0
            -71.401108,44.360878,0
            -71.4004,44.360702,0
            -71.399793,44.36051,0
            -71.398602,44.360107,0
            -71.397267,44.359666,0
            -71.396478,44.359417,0
            -71.395572,44.359175,0
            -71.394965,44.358972,0
            -71.394134,44.358703,0
            -71.393195,44.358397,0
            -71.392412,44.358163,0
            -71.391554,44.35789,0
            -71.390373,44.357491,0
            -71.389697,44.357303,0
            -71.388673,44.356935,0
            -71.387482,44.356594,0
            -71.3865,44.356283,0
            -71.385556,44.355999,0
            -71.384328,44.355608,0
            -71.383308,44.355294,0
            -71.382697,44.355129,0
            -71.382418,44.355056,0
            -71.382128,44.355014,0
            -71.381753,44.354975,0
            -71.381141,44.354948,0
            -71.380374,44.354945,0
            -71.379044,44.354998,0
            -71.377772,44.355075,0
            -71.376598,44.355125,0
            -71.375755,44.355163,0
            -71.374302,44.355232,0
            -71.3728,44.355309,0
            -71.371303,44.35537,0
            -71.370101,44.355439,0
            -71.368953,44.355478,0
            -71.368202,44.355531,0
            -71.367049,44.355574,0
            -71.365815,44.355646,0
            -71.364522,44.355646,0
            -71.36301,44.35562,0
            -71.361674,44.355577,0
            -71.360537,44.355551,0
            -71.35985,44.35557,0
            -71.359099,44.355589,0
            -71.358294,44.355677,0
            -71.357704,44.355769,0
            -71.357023,44.355884,0
            -71.356379,44.355965,0
            -71.355709,44.356053,0
            -71.354936,44.35613,0
            -71.353938,44.356252,0
            -71.352485,44.356463,0
            -71.351707,44.356559,0
            -71.350532,44.35672,0
            -71.349518,44.356866,0
            -71.348155,44.35705,0
            -71.346251,44.357288,0
            -71.344347,44.357587,0
            -71.343134,44.357748,0
            -71.341696,44.358001,0
            -71.340537,44.358312,0
            -71.339776,44.358592,0
            -71.338848,44.35893,0
            -71.337824,44.359321,0
            -71.336515,44.359808,0
            -71.335039,44.360379,0
            -71.333092,44.361154,0
            -71.331917,44.36158,0
            -71.331054,44.36181,0
            -71.329793,44.362048,0
            -71.32857,44.362228,0
            -71.3271,44.36242,0
            -71.325566,44.362619,0
            -71.32393,44.362849,0
            -71.32217,44.363095,0
            -71.320904,44.363256,0
            -71.319885,44.363474,0
            -71.319257,44.363643,0
            -71.318345,44.363923,0
            -71.316876,44.364395,0
            -71.31518,44.36492,0
            -71.3137,44.3654,0
            -71.311334,44.366151,0
            -71.309639,44.366696,0
            -71.307971,44.367225,0
            -71.306576,44.367635,0
            -71.305213,44.367938,0
            -71.303851,44.36823,0
            -71.303255,44.368372,0
            -71.302762,44.368506,0
            -71.301839,44.368897,0
            -71.300868,44.369369,0
            -71.299811,44.369837,0
            -71.299253,44.370021,0
            -71.298728,44.370147,0
            -71.297564,44.370327,0
            -71.296335,44.370492,0
            -71.294962,44.370673,0
            -71.293186,44.370922,0
            -71.291818,44.371121,0
            -71.290799,44.371252,0
            -71.290021,44.371301,0
            -71.289243,44.371317,0
            -71.288149,44.371298,0
            -71.287028,44.371271,0
            -71.285719,44.37124,0
            -71.284566,44.371225,0
            -71.282946,44.371217,0
            -71.281787,44.371217,0
            -71.279984,44.371194,0
            -71.278177,44.371152,0
            -71.27646,44.371121,0
            -71.274507,44.37109,0
            -71.272748,44.371067,0
            -71.271353,44.371052,0
            -71.269417,44.371021,0
            -71.268097,44.370998,0
            -71.26652,44.370972,0
            -71.264969,44.370949,0
            -71.2641,44.370906,0
            -71.263424,44.370845,0
            -71.262105,44.370565,0
            -71.260662,44.37022,0
            -71.259288,44.369875,0
            -71.257588,44.369465,0
            -71.256242,44.369139,0
            -71.254402,44.368701,0
            -71.252846,44.368318,0
            -71.251403,44.367984,0
            -71.249874,44.36762,0
            -71.248179,44.367202,0
            -71.247326,44.367018,0
            -71.246784,44.366937,0
            -71.246194,44.366895,0
            -71.245529,44.366914,0
            -71.244392,44.367003,0
            -71.243233,44.367122,0
            -71.242525,44.367194,0
            -71.241886,44.367237,0
            -71.241334,44.367187,0
            -71.240846,44.367118,0
            -71.239928,44.366888,0
            -71.239215,44.366623,0
            -71.238711,44.3665,0
            -71.238158,44.366462,0
            -71.237504,44.366542,0
            -71.237096,44.366642,0
            -71.236677,44.36683,0
            -71.236168,44.36716,0
            -71.235578,44.367632,0
            -71.234816,44.368103,0
            -71.234306,44.368437,0
            -71.233797,44.368974,0
            -71.233352,44.369764,0
            -71.232826,44.370722,0
            -71.2323,44.371566,0
            -71.23193,44.372252,0
            -71.23164,44.372793,0
            -71.231206,44.373479,0
            -71.230771,44.373867,0
            -71.230095,44.374212,0
            -71.229495,44.374511,0
            -71.228888,44.375044,0
            -71.228513,44.375496,0
            -71.228223,44.376056,0
            -71.228137,44.376604,0
            -71.22818,44.37718,0
            -71.228341,44.377766,0
            -71.228545,44.378295,0
            -71.228588,44.37866,0
            -71.228486,44.379062,0
            -71.22825,44.379453,0
            -71.227976,44.379725,0
            -71.227585,44.379963,0
            -71.226973,44.380178,0
            -71.226281,44.380301,0
            -71.225568,44.380366,0
            -71.224929,44.380465,0
            -71.224194,44.380672,0
            -71.223712,44.381029,0
            -71.22339,44.38134,0
            -71.223224,44.381677,0
            -71.223218,44.382103,0
            -71.223336,44.382432,0
            -71.223535,44.3828,0
            -71.223819,44.38323,0
            -71.224007,44.383736,0
            -71.224055,44.384226,0
            -71.224012,44.384675,0
            -71.223932,44.385131,0
            -71.223771,44.385599,0
            -71.223551,44.386063,0
            -71.223309,44.386488,0
            -71.222961,44.387094,0
            -71.222703,44.387504,0
            -71.222376,44.388049,0
            -71.221925,44.388811,0
            -71.221593,44.389413,0
            -71.221325,44.389877,0
            -71.221196,44.390295,0
            -71.221185,44.390832,0
            -71.22126,44.391211,0
            -71.221357,44.391506,0
            -71.221469,44.391713,0
            -71.221684,44.392016,0
            -71.222027,44.39238,0
            -71.222446,44.392698,0
            -71.222902,44.393009,0
            -71.223245,44.3933,0
            -71.223567,44.393638,0
            -71.223814,44.394036,0
            -71.223991,44.394397,0
            -71.223985,44.394857,0
            -71.223926,44.395389,0
            -71.223728,44.395819,0
            -71.223395,44.396298,0
            -71.222955,44.396689,0
            -71.222408,44.397018,0
            -71.221764,44.397432,0
            -71.220997,44.397896,0
            -71.220364,44.398283,0
            -71.219704,44.398693,0
            -71.219045,44.399046,0
            -71.218422,44.399299,0
            -71.217881,44.399479,0
            -71.217248,44.399644,0
            -71.216695,44.399763,0
            -71.216132,44.399824,0
            -71.21559,44.399893,0
            -71.214882,44.399912,0
            -71.213997,44.399989,0
            -71.212983,44.400062,0
            -71.211583,44.400177,0
            -71.210746,44.400234,0
            -71.209512,44.400353,0
            -71.208391,44.400422,0
            -71.207189,44.400518,0
            -71.205644,44.400633,0
            -71.204684,44.400748,0
            -71.203364,44.400851,0
            -71.202227,44.400966,0
            -71.201503,44.401119,0
            -71.200849,44.401326,0
            -71.200226,44.40161,0
            -71.199717,44.401882,0
            -71.198558,44.402576,0
          </coordinates>
        </LineString>
      </Placemark>
    </Folder>
    <Folder>
      <name>Massachusetts</name>
      <Placemark>
        <name>Brookline and Pepperell</name>
        <description>Massachusetts Section</description>
        <styleUrl>#line-FFEA00-3325</styleUrl>
        <LineString>
          <tessellate>1</tessellate>
          <coordinates>
            -71.6128989,42.7042222,0
            -71.6092586,42.7021654,0
            -71.6030576,42.6986359,0
            -71.600933,42.6974187,0
            -71.598916,42.6961886,0
            -71.5979504,42.6957155,0
            -71.5968346,42.6954159,0
            -71.5960496,42.6952649,0
            -71.5951609,42.6951005,0
            -71.5942382,42.6950689,0
            -71.5935656,42.6949829,0
            -71.5929293,42.6948324,0
            -71.5922956,42.6944509,0
            -71.5915989,42.6939807,0
            -71.5909766,42.6934603,0
            -71.5875434,42.6895331,0
            -71.5860199,42.6875458,0
            -71.5857586,42.6866559,0
            -71.5857776,42.6857239,0
            -71.5858268,42.6849117,0
            -71.5860628,42.6837444,0
            -71.5864056,42.6828639,0
            -71.5869426,42.6815045,0
            -71.5870496,42.6811089,0
            -71.5869686,42.6800799,0
            -71.5868138,42.6794065,0
            -71.5864491,42.6788544,0
            -71.5856122,42.6776871,0
            -71.5843462,42.6762673,0
            -71.5834021,42.6752418,0
            -71.5830166,42.6746879,0
            -71.5827369,42.6737273,0
            -71.5825223,42.6725441,0
            -71.5824794,42.671282,0
            -71.5823106,42.6704899,0
            -71.5819429,42.6698936,0
            -71.5815352,42.6692625,0
            -71.5813526,42.6685899,0
            -71.5813636,42.6679214,0
            -71.5815996,42.6673376,0
            -71.5819859,42.6665645,0
            -71.582415,42.6656888,0
            -71.5827691,42.6649788,0
            -71.5830096,42.6643159,0
            -71.5831017,42.6638033,0
            -71.5831017,42.6632984,0
            -71.5830158,42.6625884,0
            -71.582651,42.6617678,0
            -71.5818142,42.6598979,0
            -71.5815889,42.6589275,0
            -71.5816318,42.6579096,0
            -71.5818142,42.6568603,0
            -71.5823077,42.655945,0
            -71.5833162,42.6544616,0
            -71.5844964,42.6529466,0
            -71.5856766,42.6514,0
            -71.5866422,42.6501374,0
            -71.5876936,42.6487486,0
            -71.5883802,42.6477227,0
            -71.5891286,42.6466769,0
            -71.5897816,42.6456039,0
            -71.5904402,42.6442504,0
            -71.5917586,42.6417959,0
            -71.5933691,42.6385838,0
            -71.5949902,42.6355116,0
            -71.5961538,42.6332404,0
            -71.5970278,42.6316102,0
            -71.5974193,42.6310893,0
            -71.5978152,42.6307075,0
            -71.5982776,42.6303788,0
            -71.5988886,42.6301471,0
            -71.5995745,42.6299913,0
            -71.6004985,42.6299211,0
            -71.6012388,42.6300157,0
            -71.6020273,42.6303078,0
            -71.6026288,42.6306015,0
            -71.6034029,42.6309679,0
            -71.6041141,42.631259,0
            -71.6044226,42.6313419,0
            -71.6048705,42.6314011,0
            -71.605482,42.6314169,0
            -71.605997,42.6313537,0
            -71.6066193,42.6311327,0
            -71.6071826,42.6308979,0
            -71.6075447,42.6306848,0
            -71.6079539,42.6303794,0
            -71.6081035,42.6302061,0
            -71.6082155,42.630009,0
            -71.6083512,42.6297415,0
            -71.6085336,42.6292856,0
            -71.6086731,42.628885,0
            -71.6087844,42.6284883,0
            -71.6089628,42.6274725,0
            -71.6092015,42.6261009,0
            -71.6093155,42.6255848,0
            -71.6093537,42.6253406,0
            -71.6093597,42.6250727,0
            -71.6092914,42.6245467,0
            -71.6090942,42.6239734,0
            -71.6089051,42.6232737,0
            -71.6087267,42.6224872,0
            -71.6084907,42.6212991,0
            -71.607442,42.6163321,0
            -71.6071592,42.6153551,0
            -71.6070908,42.6149692,0
            -71.6070976,42.6145596,0
            -71.6071592,42.6138746,0
            -71.6073068,42.6133634,0
            -71.6075294,42.6128679,0
            -71.6080712,42.6122363,0
            -71.6086774,42.6116362,0
            -71.6097047,42.6109255,0
            -71.6105174,42.6104518,0
            -71.6121106,42.6095042,0
            -71.6125022,42.6091844,0
            -71.6128294,42.6088093,0
            -71.6132371,42.6082408,0
            -71.6142027,42.6067089,0
            -71.6148035,42.6057297,0
            -71.6153185,42.604861,0
            -71.6158335,42.603945,0
            -71.6165416,42.6026341,0
            -71.6170995,42.6015127,0
            -71.6182368,42.5995699,0
            -71.6188376,42.5985748,0
            -71.6192453,42.598022,0
            -71.6196315,42.5976429,0
            -71.6200821,42.597248,0
            -71.6205327,42.5969005,0
            -71.6211121,42.5965372,0
            -71.6217344,42.5961265,0
            -71.6222708,42.5957948,0
            -71.6225927,42.5954789,0
            -71.6229145,42.5949892,0
            -71.6230862,42.5945311,0
            -71.6231935,42.5941994,0
            -71.6232149,42.5938835,0
            -71.6232149,42.5936465,0
            -71.623172,42.5934096,0
            -71.6230433,42.59322,0
            -71.6226785,42.5928567,0
            -71.6222923,42.5925092,0
            -71.6217987,42.5921142,0
          </coordinates>
        </LineString>
      </Placemark>
    </Folder>
    <Folder>
      <name>Temporary Places</name>
    </Folder>
  </Document>
</kml>
